This is pdfTeX, Version 3.141592653-2.6-1.40.28 (TeX Live 2025) (preloaded format=pdflatex 2025.11.3)  3 NOV 2025 22:38
entering extended mode
 restricted \write18 enabled.
 %&-line parsing enabled.
**cuerpoinforme.tex
(./cuerpoinforme.tex
LaTeX2e <2025-11-01>
L3 programming layer <2025-10-24>

(d:/Instalar Programas/textlive/texlive/2025/texmf-dist/tex/latex/base/article.
cls
Document Class: article 2025/01/22 v1.4n Standard LaTeX document class

(d:/Instalar Programas/textlive/texlive/2025/texmf-dist/tex/latex/base/size12.c
lo
File: size12.clo 2025/01/22 v1.4n Standard LaTeX file (size option)
)
\c@part=\count275
\c@section=\count276
\c@subsection=\count277
\c@subsubsection=\count278
\c@paragraph=\count279
\c@subparagraph=\count280
\c@figure=\count281
\c@table=\count282
\abovecaptionskip=\skip49
\belowcaptionskip=\skip50
\bibindent=\dimen148
)
(d:/Instalar Programas/textlive/texlive/2025/texmf-dist/tex/latex/setspace/sets
pace.sty
Package: setspace 2022/12/04 v6.7b set line spacing
)
(d:/Instalar Programas/textlive/texlive/2025/texmf-dist/tex/latex/newtx/newtxte
xt.sty
Package: newtxtext 2024/04/01 v1.744(Michael Sharpe) latex and unicode latex su
pport for TeXGyreTermesX

`newtxtext' v1.744, 2024/04/01 Text macros taking advantage of TeXGyre Termes a
nd its extensions (msharpe)
(d:/Instalar Programas/textlive/texlive/2025/texmf-dist/tex/latex/xpatch/xpatch
.sty
(d:/Instalar Programas/textlive/texlive/2025/texmf-dist/tex/latex/l3kernel/expl
3.sty
Package: expl3 2025-10-24 L3 programming layer (loader) 

(d:/Instalar Programas/textlive/texlive/2025/texmf-dist/tex/latex/l3backend/l3b
ackend-pdftex.def
File: l3backend-pdftex.def 2025-10-09 L3 backend support: PDF output (pdfTeX)
\l__color_backend_stack_int=\count283
))
Package: xpatch 2020/03/25 v0.3a Extending etoolbox patching commands

(d:/Instalar Programas/textlive/texlive/2025/texmf-dist/tex/latex/l3packages/xp
arse/xparse.sty
Package: xparse 2025-10-09 L3 Experimental document command parser
)
(d:/Instalar Programas/textlive/texlive/2025/texmf-dist/tex/latex/etoolbox/etoo
lbox.sty
Package: etoolbox 2025/10/02 v2.5m e-TeX tools for LaTeX (JAW)
\etb@tempcnta=\count284
))
(d:/Instalar Programas/textlive/texlive/2025/texmf-dist/tex/latex/xcolor/xcolor
.sty
Package: xcolor 2024/09/29 v3.02 LaTeX color extensions (UK)

(d:/Instalar Programas/textlive/texlive/2025/texmf-dist/tex/latex/graphics-cfg/
color.cfg
File: color.cfg 2016/01/02 v1.6 sample color configuration
)
Package xcolor Info: Driver file: pdftex.def on input line 274.

(d:/Instalar Programas/textlive/texlive/2025/texmf-dist/tex/latex/graphics-def/
pdftex.def
File: pdftex.def 2025/09/29 v1.2d Graphics/color driver for pdftex
)
(d:/Instalar Programas/textlive/texlive/2025/texmf-dist/tex/latex/graphics/math
color.ltx)
Package xcolor Info: Model `cmy' substituted by `cmy0' on input line 1349.
Package xcolor Info: Model `hsb' substituted by `rgb' on input line 1353.
Package xcolor Info: Model `RGB' extended on input line 1365.
Package xcolor Info: Model `HTML' substituted by `rgb' on input line 1367.
Package xcolor Info: Model `Hsb' substituted by `hsb' on input line 1368.
Package xcolor Info: Model `tHsb' substituted by `hsb' on input line 1369.
Package xcolor Info: Model `HSB' substituted by `hsb' on input line 1370.
Package xcolor Info: Model `Gray' substituted by `gray' on input line 1371.
Package xcolor Info: Model `wave' substituted by `hsb' on input line 1372.
)
(d:/Instalar Programas/textlive/texlive/2025/texmf-dist/tex/generic/iftex/iftex
.sty
Package: iftex 2024/12/12 v1.0g TeX engine tests
)
(d:/Instalar Programas/textlive/texlive/2025/texmf-dist/tex/latex/xkeyval/xkeyv
al.sty
Package: xkeyval 2022/06/16 v2.9 package option processing (HA)

(d:/Instalar Programas/textlive/texlive/2025/texmf-dist/tex/generic/xkeyval/xke
yval.tex
(d:/Instalar Programas/textlive/texlive/2025/texmf-dist/tex/generic/xkeyval/xkv
utils.tex
\XKV@toks=\toks17
\XKV@tempa@toks=\toks18

(d:/Instalar Programas/textlive/texlive/2025/texmf-dist/tex/generic/xkeyval/key
val.tex))
\XKV@depth=\count285
File: xkeyval.tex 2014/12/03 v2.7a key=value parser (HA)
))
(d:/Instalar Programas/textlive/texlive/2025/texmf-dist/tex/latex/base/textcomp
.sty
Package: textcomp 2024/04/24 v2.1b Standard LaTeX package
)
(d:/Instalar Programas/textlive/texlive/2025/texmf-dist/tex/generic/xstring/xst
ring.sty
(d:/Instalar Programas/textlive/texlive/2025/texmf-dist/tex/generic/xstring/xst
ring.tex
\xs_counta=\count286
\xs_countb=\count287
)
Package: xstring 2023/08/22 v1.86 String manipulations (CT)
)
(d:/Instalar Programas/textlive/texlive/2025/texmf-dist/tex/latex/base/ifthen.s
ty
Package: ifthen 2024/03/16 v1.1e Standard LaTeX ifthen package (DPC)
)
(d:/Instalar Programas/textlive/texlive/2025/texmf-dist/tex/latex/carlisle/scal
efnt.sty)
LaTeX Font Info:    Setting ntxLF sub-encoding to TS1/0 on input line 24.
LaTeX Font Info:    Setting ntxTLF sub-encoding to TS1/0 on input line 24.
LaTeX Font Info:    Setting ntxOsF sub-encoding to TS1/0 on input line 24.
LaTeX Font Info:    Setting ntxTOsF sub-encoding to TS1/0 on input line 24.

(d:/Instalar Programas/textlive/texlive/2025/texmf-dist/tex/generic/kastrup/bin
hex.tex)
\ntx@tmpcnta=\count288
\ntx@cnt=\count289

(d:/Instalar Programas/textlive/texlive/2025/texmf-dist/tex/latex/fontaxes/font
axes.sty
Package: fontaxes 2025-05-24 v2.0.1 Font selection axes (deprecated)

(d:/Instalar Programas/textlive/texlive/2025/texmf-dist/tex/latex/figureversion
s/figureversions.sty
Package: figureversions 2025-04-29 v1.0.1 Figure versions
))
\tx@sixem=\dimen149
\tx@y=\dimen150
\tx@x=\dimen151
\tx@tmpdima=\dimen152
\tx@tmpdimb=\dimen153
\tx@tmpdimc=\dimen154
\tx@tmpdimd=\dimen155
\tx@tmpdime=\dimen156
\tx@tmpdimf=\dimen157
\tx@dimA=\dimen158
\tx@dimAA=\dimen159
\tx@dimB=\dimen160
\tx@dimBB=\dimen161
\tx@dimC=\dimen162
LaTeX Info: Redefining \oldstylenums on input line 902.
)
(d:/Instalar Programas/textlive/texlive/2025/texmf-dist/tex/latex/newtx/newtxma
th.sty
Package: newtxmath 2024/09/22 v1.754

`newtxmath' v1.754, 2024/09/22 Math macros based originally on txfonts (msharpe
)
(d:/Instalar Programas/textlive/texlive/2025/texmf-dist/tex/latex/amsmath/amsma
th.sty
Package: amsmath 2025/07/09 v2.17z AMS math features
\@mathmargin=\skip51

For additional information on amsmath, use the `?' option.

(d:/Instalar Programas/textlive/texlive/2025/texmf-dist/tex/latex/amsmath/amste
xt.sty
Package: amstext 2024/11/17 v2.01 AMS text

(d:/Instalar Programas/textlive/texlive/2025/texmf-dist/tex/latex/amsmath/amsge
n.sty
File: amsgen.sty 1999/11/30 v2.0 generic functions
\@emptytoks=\toks19
\ex@=\dimen163
))
(d:/Instalar Programas/textlive/texlive/2025/texmf-dist/tex/latex/amsmath/amsbs
y.sty
Package: amsbsy 1999/11/29 v1.2d Bold Symbols
\pmbraise@=\dimen164
)
(d:/Instalar Programas/textlive/texlive/2025/texmf-dist/tex/latex/amsmath/amsop
n.sty
Package: amsopn 2022/04/08 v2.04 operator names
)
\inf@bad=\count290
LaTeX Info: Redefining \frac on input line 233.
\uproot@=\count291
\leftroot@=\count292
LaTeX Info: Redefining \overline on input line 398.
LaTeX Info: Redefining \colon on input line 409.
\classnum@=\count293
\DOTSCASE@=\count294
LaTeX Info: Redefining \ldots on input line 495.
LaTeX Info: Redefining \dots on input line 498.
LaTeX Info: Redefining \cdots on input line 619.
\Mathstrutbox@=\box53
\strutbox@=\box54
LaTeX Info: Redefining \big on input line 721.
LaTeX Info: Redefining \Big on input line 722.
LaTeX Info: Redefining \bigg on input line 723.
LaTeX Info: Redefining \Bigg on input line 724.
\big@size=\dimen165
LaTeX Font Info:    Redeclaring font encoding OML on input line 742.
LaTeX Font Info:    Redeclaring font encoding OMS on input line 743.
\macc@depth=\count295
LaTeX Info: Redefining \bmod on input line 904.
LaTeX Info: Redefining \pmod on input line 909.
LaTeX Info: Redefining \smash on input line 939.
LaTeX Info: Redefining \relbar on input line 969.
LaTeX Info: Redefining \Relbar on input line 970.
\c@MaxMatrixCols=\count296
\dotsspace@=\muskip17
\c@parentequation=\count297
\dspbrk@lvl=\count298
\tag@help=\toks20
\row@=\count299
\column@=\count300
\maxfields@=\count301
\andhelp@=\toks21
\eqnshift@=\dimen166
\alignsep@=\dimen167
\tagshift@=\dimen168
\tagwidth@=\dimen169
\totwidth@=\dimen170
\lineht@=\dimen171
\@envbody=\toks22
\multlinegap=\skip52
\multlinetaggap=\skip53
\mathdisplay@stack=\toks23
LaTeX Info: Redefining \[ on input line 2950.
LaTeX Info: Redefining \] on input line 2951.
)
(d:/Instalar Programas/textlive/texlive/2025/texmf-dist/tex/latex/oberdiek/cent
ernot.sty
Package: centernot 2016/05/16 v1.4 Centers the not symbol horizontally (HO)
)
\tx@cntz=\count302

(d:/Instalar Programas/textlive/texlive/2025/texmf-dist/tex/generic/kastrup/bin
hex.tex)
\tx@Isdigit=\count303
\tx@IsAlNum=\count304
\tx@tA=\toks24
\tx@tB=\toks25
\tx@su=\read2

amsthm NOT loaded
LaTeX Font Info:    Redeclaring symbol font `operators' on input line 402.
LaTeX Font Info:    Overwriting symbol font `operators' in version `normal'
(Font)                  OT1/cmr/m/n --> OT1/minntx/m/n on input line 402.
LaTeX Font Info:    Overwriting symbol font `operators' in version `bold'
(Font)                  OT1/cmr/bx/n --> OT1/minntx/m/n on input line 402.
LaTeX Font Info:    Overwriting symbol font `operators' in version `bold'
(Font)                  OT1/minntx/m/n --> OT1/minntx/b/n on input line 403.
LaTeX Font Info:    Redeclaring math alphabet \mathsf on input line 410.
LaTeX Font Info:    Overwriting math alphabet `\mathsf' in version `normal'
(Font)                  OT1/cmss/m/n --> OT1/qhv/m/n on input line 410.
LaTeX Font Info:    Overwriting math alphabet `\mathsf' in version `bold'
(Font)                  OT1/cmss/bx/n --> OT1/qhv/m/n on input line 410.
LaTeX Font Info:    Overwriting math alphabet `\mathsf' in version `bold'
(Font)                  OT1/qhv/m/n --> OT1/qhv/b/n on input line 412.
LaTeX Font Info:    Redeclaring math alphabet \mathit on input line 419.
LaTeX Font Info:    Overwriting math alphabet `\mathit' in version `normal'
(Font)                  OT1/cmr/m/it --> OT1/minntx/m/it on input line 419.
LaTeX Font Info:    Overwriting math alphabet `\mathit' in version `bold'
(Font)                  OT1/cmr/bx/it --> OT1/minntx/m/it on input line 419.
LaTeX Font Info:    Redeclaring math alphabet \mathtt on input line 420.
LaTeX Font Info:    Overwriting math alphabet `\mathtt' in version `normal'
(Font)                  OT1/cmtt/m/n --> OT1/ntxtt/m/n on input line 420.
LaTeX Font Info:    Overwriting math alphabet `\mathtt' in version `bold'
(Font)                  OT1/cmtt/m/n --> OT1/ntxtt/m/n on input line 420.
LaTeX Font Info:    Redeclaring math alphabet \mathbf on input line 422.
LaTeX Font Info:    Overwriting math alphabet `\mathbf' in version `normal'
(Font)                  OT1/cmr/bx/n --> OT1/minntx/b/n on input line 422.
LaTeX Font Info:    Overwriting math alphabet `\mathbf' in version `bold'
(Font)                  OT1/cmr/bx/n --> OT1/minntx/b/n on input line 422.
LaTeX Font Info:    Overwriting math alphabet `\mathit' in version `bold'
(Font)                  OT1/minntx/m/it --> OT1/minntx/b/it on input line 423.
LaTeX Font Info:    Overwriting math alphabet `\mathtt' in version `bold'
(Font)                  OT1/ntxtt/m/n --> OT1/ntxtt/b/n on input line 426.
LaTeX Font Info:    Redeclaring symbol font `letters' on input line 534.
LaTeX Font Info:    Overwriting symbol font `letters' in version `normal'
(Font)                  OML/cmm/m/it --> OML/ntxmi/m/it on input line 534.
LaTeX Font Info:    Overwriting symbol font `letters' in version `bold'
(Font)                  OML/cmm/b/it --> OML/ntxmi/m/it on input line 534.
LaTeX Font Info:    Overwriting symbol font `letters' in version `bold'
(Font)                  OML/ntxmi/m/it --> OML/ntxmi/b/it on input line 535.
\symlettersA=\mathgroup4
LaTeX Font Info:    Overwriting symbol font `lettersA' in version `bold'
(Font)                  U/ntxmia/m/it --> U/ntxmia/b/it on input line 582.
Now handling font encoding LMS ...
... no UTF-8 mapping file for font encoding LMS
LaTeX Font Info:    Redeclaring symbol font `symbols' on input line 604.
LaTeX Font Info:    Encoding `OMS' has changed to `LMS' for symbol font
(Font)              `symbols' in the math version `normal' on input line 604.
LaTeX Font Info:    Overwriting symbol font `symbols' in version `normal'
(Font)                  OMS/cmsy/m/n --> LMS/ntxsy/m/n on input line 604.
LaTeX Font Info:    Encoding `OMS' has changed to `LMS' for symbol font
(Font)              `symbols' in the math version `bold' on input line 604.
LaTeX Font Info:    Overwriting symbol font `symbols' in version `bold'
(Font)                  OMS/cmsy/b/n --> LMS/ntxsy/m/n on input line 604.
LaTeX Font Info:    Overwriting symbol font `symbols' in version `bold'
(Font)                  LMS/ntxsy/m/n --> LMS/ntxsy/b/n on input line 605.
\symAMSm=\mathgroup5
LaTeX Font Info:    Overwriting symbol font `AMSm' in version `bold'
(Font)                  U/ntxsym/m/n --> U/ntxsym/b/n on input line 630.
\symsymbolsC=\mathgroup6
LaTeX Font Info:    Overwriting symbol font `symbolsC' in version `bold'
(Font)                  U/ntxsyc/m/n --> U/ntxsyc/b/n on input line 651.
Now handling font encoding LMX ...
... no UTF-8 mapping file for font encoding LMX
LaTeX Font Info:    Redeclaring symbol font `largesymbols' on input line 664.
LaTeX Font Info:    Encoding `OMX' has changed to `LMX' for symbol font
(Font)              `largesymbols' in the math version `normal' on input line 6
64.
LaTeX Font Info:    Overwriting symbol font `largesymbols' in version `normal'
(Font)                  OMX/cmex/m/n --> LMX/ntxexx/m/n on input line 664.
LaTeX Font Info:    Encoding `OMX' has changed to `LMX' for symbol font
(Font)              `largesymbols' in the math version `bold' on input line 664
.
LaTeX Font Info:    Overwriting symbol font `largesymbols' in version `bold'
(Font)                  OMX/cmex/m/n --> LMX/ntxexx/m/n on input line 664.
LaTeX Font Info:    Overwriting symbol font `largesymbols' in version `bold'
(Font)                  LMX/ntxexx/m/n --> LMX/ntxexx/b/n on input line 665.
\symlargesymbolsTXA=\mathgroup7
LaTeX Font Info:    Overwriting symbol font `largesymbolsTXA' in version `bold'

(Font)                  U/ntxexa/m/n --> U/ntxexa/b/n on input line 679.
\tx@sbptoks=\toks26
LaTeX Font Info:    Redeclaring math delimiter \lfloor on input line 902.
LaTeX Font Info:    Redeclaring math delimiter \rfloor on input line 903.
LaTeX Font Info:    Redeclaring math delimiter \lceil on input line 904.
LaTeX Font Info:    Redeclaring math delimiter \rceil on input line 905.
LaTeX Font Info:    Redeclaring math delimiter \lbrace on input line 910.
LaTeX Font Info:    Redeclaring math delimiter \rbrace on input line 911.
LaTeX Font Info:    Redeclaring math delimiter \langle on input line 913.
LaTeX Font Info:    Redeclaring math delimiter \rangle on input line 915.
LaTeX Font Info:    Redeclaring math delimiter \arrowvert on input line 919.
LaTeX Font Info:    Redeclaring math delimiter \vert on input line 920.
LaTeX Font Info:    Redeclaring math symbol \hbar on input line 966.
LaTeX Font Info:    Redeclaring math accent \dot on input line 991.
LaTeX Font Info:    Redeclaring math accent \ddot on input line 992.
LaTeX Font Info:    Redeclaring math accent \vec on input line 2057.
LaTeX Info: Redefining \Bbbk on input line 2847.
LaTeX Info: Redefining \not on input line 2995.
)
(d:/Instalar Programas/textlive/texlive/2025/texmf-dist/tex/latex/base/inputenc
.sty
Package: inputenc 2024/02/08 v1.3d Input encoding file
\inpenc@prehook=\toks27
\inpenc@posthook=\toks28
)
(d:/Instalar Programas/textlive/texlive/2025/texmf-dist/tex/generic/babel/babel
.sty
Package: babel 2025/10/22 v25.14 The multilingual framework for LuaLaTeX, pdfLa
TeX and XeLaTeX
\babel@savecnt=\count305
LaTeX Encoding Info:    Redeclaring text command \ij (encoding OT1) on input li
ne 2050.
LaTeX Encoding Info:    Redeclaring text command \IJ (encoding OT1) on input li
ne 2052.
LaTeX Encoding Info:    Redeclaring text command \ij (encoding T1) on input lin
e 2054.
LaTeX Encoding Info:    Redeclaring text command \IJ (encoding T1) on input lin
e 2055.
LaTeX Encoding Info:    Ignoring declaration for text command \ij (encoding ?) 
on input line 2056.
LaTeX Encoding Info:    Ignoring declaration for text command \IJ (encoding ?) 
on input line 2058.
LaTeX Encoding Info:    Ignoring declaration for text command \SS (encoding ?) 
on input line 2083.
\U@D=\dimen172
\l@unhyphenated=\language90

(d:/Instalar Programas/textlive/texlive/2025/texmf-dist/tex/generic/babel/txtba
bel.def)
\bbl@readstream=\read3
\bbl@dirlevel=\count306

(d:/Instalar Programas/textlive/texlive/2025/texmf-dist/tex/generic/babel/local
e/es/babel-spanish.tex)
Package babel Info: Importing font and identification data for spanish
(babel)             from babel-es.ini. Reported on input line 4295.

(d:/Instalar Programas/textlive/texlive/2025/texmf-dist/tex/generic/babel-spani
sh/spanish.ldf
Language: spanish.ldf 2021/05/27 v5.0q Spanish support from the babel system
\es@quottoks=\toks29
\es@quotdepth=\count307
Package babel Info: Making " an active character on input line 570.
Package babel Info: Making . an active character on input line 675.
Package babel Info: Making < an active character on input line 722.
Package babel Info: Making > an active character on input line 722.
))
LaTeX Encoding Info:    Redeclaring text command \guillemotleft (encoding OT1) 
on input line 11.
LaTeX Encoding Info:    Redeclaring text command \guillemotright (encoding OT1)
 on input line 11.

(d:/Instalar Programas/textlive/texlive/2025/texmf-dist/tex/latex/geometry/geom
etry.sty
Package: geometry 2020/01/02 v5.9 Page Geometry

(d:/Instalar Programas/textlive/texlive/2025/texmf-dist/tex/generic/iftex/ifvte
x.sty
Package: ifvtex 2019/10/25 v1.7 ifvtex legacy package. Use iftex instead.
)
\Gm@cnth=\count308
\Gm@cntv=\count309
\c@Gm@tempcnt=\count310
\Gm@bindingoffset=\dimen173
\Gm@wd@mp=\dimen174
\Gm@odd@mp=\dimen175
\Gm@even@mp=\dimen176
\Gm@layoutwidth=\dimen177
\Gm@layoutheight=\dimen178
\Gm@layouthoffset=\dimen179
\Gm@layoutvoffset=\dimen180
\Gm@dimlist=\toks30
)
(d:/Instalar Programas/textlive/texlive/2025/texmf-dist/tex/latex/graphics/grap
hicx.sty
Package: graphicx 2024/12/31 v1.2e Enhanced LaTeX Graphics (DPC,SPQR)

(d:/Instalar Programas/textlive/texlive/2025/texmf-dist/tex/latex/graphics/grap
hics.sty
Package: graphics 2024/08/06 v1.4g Standard LaTeX Graphics (DPC,SPQR)

(d:/Instalar Programas/textlive/texlive/2025/texmf-dist/tex/latex/graphics/trig
.sty
Package: trig 2023/12/02 v1.11 sin cos tan (DPC)
)
(d:/Instalar Programas/textlive/texlive/2025/texmf-dist/tex/latex/graphics-cfg/
graphics.cfg
File: graphics.cfg 2016/06/04 v1.11 sample graphics configuration
)
Package graphics Info: Driver file: pdftex.def on input line 106.
)
\Gin@req@height=\dimen181
\Gin@req@width=\dimen182
)
(d:/Instalar Programas/textlive/texlive/2025/texmf-dist/tex/latex/titlesec/titl
esec.sty
Package: titlesec 2025/01/04 v2.17 Sectioning titles
\ttl@box=\box55
\beforetitleunit=\skip54
\aftertitleunit=\skip55
\ttl@plus=\dimen183
\ttl@minus=\dimen184
\ttl@toksa=\toks31
\titlewidth=\dimen185
\titlewidthlast=\dimen186
\titlewidthfirst=\dimen187
)
(d:/Instalar Programas/textlive/texlive/2025/texmf-dist/tex/latex/lipsum/lipsum
.sty
(d:/Instalar Programas/textlive/texlive/2025/texmf-dist/tex/latex/l3packages/l3
keys2e/l3keys2e.sty
Package: l3keys2e 2025-10-09 LaTeX2e option processing using LaTeX3 keys
)
Package: lipsum 2021-09-20 v2.7 150 paragraphs of Lorem Ipsum dummy text
\g__lipsum_par_int=\count311
\l__lipsum_a_int=\count312
\l__lipsum_b_int=\count313

(d:/Instalar Programas/textlive/texlive/2025/texmf-dist/tex/latex/lipsum/lipsum
.ltd.tex))
(d:/Instalar Programas/textlive/texlive/2025/texmf-dist/tex/latex/pdfpages/pdfp
ages.sty
Package: pdfpages 2025/07/23 v0.6g Insert pages of external PDF documents (AM)

(d:/Instalar Programas/textlive/texlive/2025/texmf-dist/tex/latex/tools/calc.st
y
Package: calc 2025/03/01 v4.3b Infix arithmetic (KKT,FJ)
\calc@Acount=\count314
\calc@Bcount=\count315
\calc@Adimen=\dimen188
\calc@Bdimen=\dimen189
\calc@Askip=\skip56
\calc@Bskip=\skip57
LaTeX Info: Redefining \setlength on input line 86.
LaTeX Info: Redefining \addtolength on input line 87.
\calc@Ccount=\count316
\calc@Cskip=\skip58
)
(d:/Instalar Programas/textlive/texlive/2025/texmf-dist/tex/latex/eso-pic/eso-p
ic.sty
Package: eso-pic 2023/05/03 v3.0c eso-pic (RN)
\ESO@tempdima=\dimen190
\ESO@tempdimb=\dimen191
)
\AM@pagewidth=\dimen192
\AM@pageheight=\dimen193
\AM@fboxrule=\dimen194

(d:/Instalar Programas/textlive/texlive/2025/texmf-dist/tex/latex/pdfpages/pppd
ftex.def
File: pppdftex.def 2025/07/23 v0.6g Pdfpages driver for pdfTeX (AM)
)
\pdfpages@includegraphics@status=\count317
\AM@pagebox=\box56
\AM@global@opts=\toks32
\AM@pagecnt=\count318
\AM@toc@title=\toks33
\AM@lof@heading=\toks34
\c@AM@survey=\count319
\AM@templatesizebox=\box57
)
(d:/Instalar Programas/textlive/texlive/2025/texmf-dist/tex/latex/comment/comme
nt.sty
\CommentStream=\write3
 Excluding comment 'comment')
(d:/Instalar Programas/textlive/texlive/2025/texmf-dist/tex/latex/float/float.s
ty
Package: float 2001/11/08 v1.3d Float enhancements (AL)
\c@float@type=\count320
\float@exts=\toks35
\float@box=\box58
\@float@everytoks=\toks36
\@floatcapt=\box59
)
(d:/Instalar Programas/textlive/texlive/2025/texmf-dist/tex/latex/enumitem/enum
item.sty
Package: enumitem 2025/02/06 v3.11 Customized lists
\enitkv@toks@=\toks37
\labelindent=\skip59
\enit@outerparindent=\dimen195
\enit@toks=\toks38
\enit@inbox=\box60
\enit@count@id=\count321
\enitdp@description=\count322
)
(d:/Instalar Programas/textlive/texlive/2025/texmf-dist/tex/latex/siunitx/siuni
tx.sty
Package: siunitx 2025-07-09 v3.4.14 A comprehensive (SI) units package
\l__siunitx_number_uncert_offset_int=\count323
\l__siunitx_number_exponent_fixed_int=\count324
\l__siunitx_number_min_decimal_int=\count325
\l__siunitx_number_min_integer_int=\count326
\l__siunitx_number_round_precision_int=\count327
\l__siunitx_number_lower_threshold_int=\count328
\l__siunitx_number_upper_threshold_int=\count329
\l__siunitx_number_group_first_int=\count330
\l__siunitx_number_group_size_int=\count331
\l__siunitx_number_group_minimum_int=\count332
\l__siunitx_angle_tmp_dim=\dimen196
\l__siunitx_angle_marker_box=\box61
\l__siunitx_angle_unit_box=\box62
\l__siunitx_compound_count_int=\count333

(d:/Instalar Programas/textlive/texlive/2025/texmf-dist/tex/latex/translations/
translations.sty
Package: translations 2022/02/05 v1.12 internationalization of LaTeX2e packages
 (CN)

(d:/Instalar Programas/textlive/texlive/2025/texmf-dist/tex/generic/pdftexcmds/
pdftexcmds.sty
Package: pdftexcmds 2020-06-27 v0.33 Utility functions of pdfTeX for LuaTeX (HO
)

(d:/Instalar Programas/textlive/texlive/2025/texmf-dist/tex/generic/infwarerr/i
nfwarerr.sty
Package: infwarerr 2019/12/03 v1.5 Providing info/warning/error messages (HO)
)
(d:/Instalar Programas/textlive/texlive/2025/texmf-dist/tex/generic/ltxcmds/ltx
cmds.sty
Package: ltxcmds 2023-12-04 v1.26 LaTeX kernel commands for general use (HO)
)
Package pdftexcmds Info: \pdf@primitive is available.
Package pdftexcmds Info: \pdf@ifprimitive is available.
Package pdftexcmds Info: \pdfdraftmode found.
))
\l__siunitx_table_tmp_box=\box63
\l__siunitx_table_tmp_dim=\dimen197
\l__siunitx_table_column_width_dim=\dimen198
\l__siunitx_table_integer_box=\box64
\l__siunitx_table_decimal_box=\box65
\l__siunitx_table_uncert_box=\box66
\l__siunitx_table_before_box=\box67
\l__siunitx_table_after_box=\box68
\l__siunitx_table_before_dim=\dimen199
\l__siunitx_table_carry_dim=\dimen256
\l__siunitx_unit_tmp_int=\count334
\l__siunitx_unit_position_int=\count335
\l__siunitx_unit_total_int=\count336

(d:/Instalar Programas/textlive/texlive/2025/texmf-dist/tex/latex/tools/array.s
ty
Package: array 2025/09/25 v2.6n Tabular extension package (FMi)
\col@sep=\dimen257
\ar@mcellbox=\box69
\extrarowheight=\dimen258
\NC@list=\toks39
\extratabsurround=\skip60
\backup@length=\skip61
\ar@cellbox=\box70
))
(d:/Instalar Programas/textlive/texlive/2025/texmf-dist/tex/latex/fancyhdr/fanc
yhdr.sty
Package: fancyhdr 2025/02/07 v5.2 Extensive control of page headers and footers

\f@nch@headwidth=\skip62
\f@nch@offset@elh=\skip63
\f@nch@offset@erh=\skip64
\f@nch@offset@olh=\skip65
\f@nch@offset@orh=\skip66
\f@nch@offset@elf=\skip67
\f@nch@offset@erf=\skip68
\f@nch@offset@olf=\skip69
\f@nch@offset@orf=\skip70
\f@nch@height=\skip71
\f@nch@footalignment=\skip72
\f@nch@widthL=\skip73
\f@nch@widthC=\skip74
\f@nch@widthR=\skip75
\@temptokenb=\toks40
)
(d:/Instalar Programas/textlive/texlive/2025/texmf-dist/tex/latex/tocloft/toclo
ft.sty
Package: tocloft 2017/08/31 v2.3i parameterised ToC, etc., typesetting
Package tocloft Info: The document has section divisions on input line 51.
\cftparskip=\skip76
\cftbeforetoctitleskip=\skip77
\cftaftertoctitleskip=\skip78
\cftbeforepartskip=\skip79
\cftpartnumwidth=\skip80
\cftpartindent=\skip81
\cftbeforesecskip=\skip82
\cftsecindent=\skip83
\cftsecnumwidth=\skip84
\cftbeforesubsecskip=\skip85
\cftsubsecindent=\skip86
\cftsubsecnumwidth=\skip87
\cftbeforesubsubsecskip=\skip88
\cftsubsubsecindent=\skip89
\cftsubsubsecnumwidth=\skip90
\cftbeforeparaskip=\skip91
\cftparaindent=\skip92
\cftparanumwidth=\skip93
\cftbeforesubparaskip=\skip94
\cftsubparaindent=\skip95
\cftsubparanumwidth=\skip96
\cftbeforeloftitleskip=\skip97
\cftafterloftitleskip=\skip98
\cftbeforefigskip=\skip99
\cftfigindent=\skip100
\cftfignumwidth=\skip101
\c@lofdepth=\count337
\c@lotdepth=\count338
\cftbeforelottitleskip=\skip102
\cftafterlottitleskip=\skip103
\cftbeforetabskip=\skip104
\cfttabindent=\skip105
\cfttabnumwidth=\skip106
)
(d:/Instalar Programas/textlive/texlive/2025/texmf-dist/tex/latex/hyperref/hype
rref.sty
Package: hyperref 2025-07-12 v7.01o Hypertext links for LaTeX

(d:/Instalar Programas/textlive/texlive/2025/texmf-dist/tex/latex/kvsetkeys/kvs
etkeys.sty
Package: kvsetkeys 2022-10-05 v1.19 Key value parser (HO)
)
(d:/Instalar Programas/textlive/texlive/2025/texmf-dist/tex/generic/kvdefinekey
s/kvdefinekeys.sty
Package: kvdefinekeys 2019-12-19 v1.6 Define keys (HO)
)
(d:/Instalar Programas/textlive/texlive/2025/texmf-dist/tex/generic/pdfescape/p
dfescape.sty
Package: pdfescape 2019/12/09 v1.15 Implements pdfTeX's escape features (HO)
)
(d:/Instalar Programas/textlive/texlive/2025/texmf-dist/tex/latex/hycolor/hycol
or.sty
Package: hycolor 2020-01-27 v1.10 Color options for hyperref/bookmark (HO)
)
(d:/Instalar Programas/textlive/texlive/2025/texmf-dist/tex/latex/hyperref/name
ref.sty
Package: nameref 2025-06-21 v2.57 Cross-referencing by name of section

(d:/Instalar Programas/textlive/texlive/2025/texmf-dist/tex/latex/refcount/refc
ount.sty
Package: refcount 2019/12/15 v3.6 Data extraction from label references (HO)
)
(d:/Instalar Programas/textlive/texlive/2025/texmf-dist/tex/generic/gettitlestr
ing/gettitlestring.sty
Package: gettitlestring 2019/12/15 v1.6 Cleanup title references (HO)

(d:/Instalar Programas/textlive/texlive/2025/texmf-dist/tex/latex/kvoptions/kvo
ptions.sty
Package: kvoptions 2022-06-15 v3.15 Key value format for package options (HO)
))
\c@section@level=\count339
)
(d:/Instalar Programas/textlive/texlive/2025/texmf-dist/tex/generic/stringenc/s
tringenc.sty
Package: stringenc 2019/11/29 v1.12 Convert strings between diff. encodings (HO
)
)
\@linkdim=\dimen259
\Hy@linkcounter=\count340
\Hy@pagecounter=\count341

(d:/Instalar Programas/textlive/texlive/2025/texmf-dist/tex/latex/hyperref/pd1e
nc.def
File: pd1enc.def 2025-07-12 v7.01o Hyperref: PDFDocEncoding definition (HO)
Now handling font encoding PD1 ...
... no UTF-8 mapping file for font encoding PD1
)
(d:/Instalar Programas/textlive/texlive/2025/texmf-dist/tex/generic/intcalc/int
calc.sty
Package: intcalc 2019/12/15 v1.3 Expandable calculations with integers (HO)
)
\Hy@SavedSpaceFactor=\count342

(d:/Instalar Programas/textlive/texlive/2025/texmf-dist/tex/latex/hyperref/puen
c.def
File: puenc.def 2025-07-12 v7.01o Hyperref: PDF Unicode definition (HO)
Now handling font encoding PU ...
... no UTF-8 mapping file for font encoding PU
)
Package hyperref Info: Hyper figures OFF on input line 4195.
Package hyperref Info: Link nesting OFF on input line 4200.
Package hyperref Info: Hyper index ON on input line 4203.
Package hyperref Info: Plain pages OFF on input line 4210.
Package hyperref Info: Backreferencing OFF on input line 4215.
Package hyperref Info: Implicit mode ON; LaTeX internals redefined.
Package hyperref Info: Bookmarks ON on input line 4462.
\c@Hy@tempcnt=\count343

(d:/Instalar Programas/textlive/texlive/2025/texmf-dist/tex/latex/url/url.sty
\Urlmuskip=\muskip18
Package: url 2013/09/16  ver 3.4  Verb mode for urls, etc.
)
LaTeX Info: Redefining \url on input line 4801.
\XeTeXLinkMargin=\dimen260

(d:/Instalar Programas/textlive/texlive/2025/texmf-dist/tex/generic/bitset/bits
et.sty
Package: bitset 2019/12/09 v1.3 Handle bit-vector datatype (HO)

(d:/Instalar Programas/textlive/texlive/2025/texmf-dist/tex/generic/bigintcalc/
bigintcalc.sty
Package: bigintcalc 2019/12/15 v1.5 Expandable calculations on big integers (HO
)
))
\Fld@menulength=\count344
\Field@Width=\dimen261
\Fld@charsize=\dimen262
Package hyperref Info: Hyper figures OFF on input line 6078.
Package hyperref Info: Link nesting OFF on input line 6083.
Package hyperref Info: Hyper index ON on input line 6086.
Package hyperref Info: backreferencing OFF on input line 6093.
Package hyperref Info: Link coloring OFF on input line 6098.
Package hyperref Info: Link coloring with OCG OFF on input line 6103.
Package hyperref Info: PDF/A mode OFF on input line 6108.
\Hy@abspage=\count345
\c@Item=\count346
\c@Hfootnote=\count347
)
Package hyperref Info: Driver (autodetected): hpdftex.

(d:/Instalar Programas/textlive/texlive/2025/texmf-dist/tex/latex/hyperref/hpdf
tex.def
File: hpdftex.def 2025-07-12 v7.01o Hyperref driver for pdfTeX
\Fld@listcount=\count348
\c@bookmark@seq@number=\count349

(d:/Instalar Programas/textlive/texlive/2025/texmf-dist/tex/latex/rerunfilechec
k/rerunfilecheck.sty
Package: rerunfilecheck 2025-06-21 v1.11 Rerun checks for auxiliary files (HO)

(d:/Instalar Programas/textlive/texlive/2025/texmf-dist/tex/generic/uniquecount
er/uniquecounter.sty
Package: uniquecounter 2019/12/15 v1.4 Provide unlimited unique counter (HO)
)
Package uniquecounter Info: New unique counter `rerunfilecheck' on input line 2
84.
)
\Hy@SectionHShift=\skip107
)
LaTeX Font Info:    Trying to load font information for OT1+ntxtlf on input lin
e 68.

(d:/Instalar Programas/textlive/texlive/2025/texmf-dist/tex/latex/newtx/ot1ntxt
lf.fd
File: ot1ntxtlf.fd 2021/05/24 v1.0 font definition file for OT1/ntx/tlf
)
LaTeX Font Info:    Font shape `OT1/ntxtlf/m/n' will be
(Font)              scaled to size 12.0pt on input line 68.
 (./cuerpoinforme.aux
LaTeX Info: Redefining \. on input line 11.
LaTeX Info: Redefining \% on input line 11.
Package babel Info: 'spanish' activates 'spanish' shorthands.
(babel)             Reported on input line 11.


LaTeX Warning: Label `fig:losa2' multiply defined.


LaTeX Warning: Label `fig:losa2' multiply defined.


LaTeX Warning: Label `fig:img1' multiply defined.

)
\openout1 = `cuerpoinforme.aux'.

LaTeX Font Info:    Checking defaults for OML/ntxmi/m/it on input line 68.
LaTeX Font Info:    Trying to load font information for OML+ntxmi on input line
 68.

(d:/Instalar Programas/textlive/texlive/2025/texmf-dist/tex/latex/newtx/omlntxm
i.fd
File: omlntxmi.fd 2015/08/25 Fontinst v1.933 font definitions for OML/ntxmi.
)
LaTeX Font Info:    ... okay on input line 68.
LaTeX Font Info:    Checking defaults for OMS/cmsy/m/n on input line 68.
LaTeX Font Info:    ... okay on input line 68.
LaTeX Font Info:    Checking defaults for OT1/cmr/m/n on input line 68.
LaTeX Font Info:    ... okay on input line 68.
LaTeX Font Info:    Checking defaults for T1/cmr/m/n on input line 68.
LaTeX Font Info:    ... okay on input line 68.
LaTeX Font Info:    Checking defaults for TS1/cmr/m/n on input line 68.
LaTeX Font Info:    ... okay on input line 68.
LaTeX Font Info:    Checking defaults for OMX/cmex/m/n on input line 68.
LaTeX Font Info:    ... okay on input line 68.
LaTeX Font Info:    Checking defaults for U/ntxexa/m/n on input line 68.
LaTeX Font Info:    Trying to load font information for U+ntxexa on input line 
68.

(d:/Instalar Programas/textlive/texlive/2025/texmf-dist/tex/latex/newtx/untxexa
.fd
File: untxexa.fd 2012/04/16 Fontinst v1.933 font definitions for U/ntxexa.
)
LaTeX Font Info:    ... okay on input line 68.
LaTeX Font Info:    Checking defaults for LMS/ntxsy/m/n on input line 68.
LaTeX Font Info:    Trying to load font information for LMS+ntxsy on input line
 68.

(d:/Instalar Programas/textlive/texlive/2025/texmf-dist/tex/latex/newtx/lmsntxs
y.fd
File: lmsntxsy.fd 2016/07/02 Fontinst v1.933 font definitions for LMS/ntxsy.
)
LaTeX Font Info:    ... okay on input line 68.
LaTeX Font Info:    Checking defaults for LMX/ntxexx/m/n on input line 68.
LaTeX Font Info:    Trying to load font information for LMX+ntxexx on input lin
e 68.

(d:/Instalar Programas/textlive/texlive/2025/texmf-dist/tex/latex/newtx/lmxntxe
xx.fd
File: lmxntxexx.fd 2016/07/03 Fontinst v1.933 font definitions for LMX/ntxexx.
)
LaTeX Font Info:    ... okay on input line 68.
LaTeX Font Info:    Checking defaults for PD1/pdf/m/n on input line 68.
LaTeX Font Info:    ... okay on input line 68.
LaTeX Font Info:    Checking defaults for PU/pdf/m/n on input line 68.
LaTeX Font Info:    ... okay on input line 68.

(d:/Instalar Programas/textlive/texlive/2025/texmf-dist/tex/context/base/mkii/s
upp-pdf.mkii
[Loading MPS to PDF converter (version 2006.09.02).]
\scratchcounter=\count350
\scratchdimen=\dimen263
\scratchbox=\box71
\nofMPsegments=\count351
\nofMParguments=\count352
\everyMPshowfont=\toks41
\MPscratchCnt=\count353
\MPscratchDim=\dimen264
\MPnumerator=\count354
\makeMPintoPDFobject=\count355
\everyMPtoPDFconversion=\toks42
)
(d:/Instalar Programas/textlive/texlive/2025/texmf-dist/tex/latex/epstopdf-pkg/
epstopdf-base.sty
Package: epstopdf-base 2020-01-24 v2.11 Base part for package epstopdf
Package epstopdf-base Info: Redefining graphics rule for `.eps' on input line 4
85.

(d:/Instalar Programas/textlive/texlive/2025/texmf-dist/tex/latex/latexconfig/e
pstopdf-sys.cfg
File: epstopdf-sys.cfg 2010/07/13 v1.3 Configuration of (r)epstopdf for TeX Liv
e
))
\c@mv@tabular=\count356
\c@mv@boldtabular=\count357
LaTeX Info: Command `\dddot' is already robust on input line 68.
LaTeX Info: Command `\ddddot' is already robust on input line 68.
LaTeX Info: Redefining \. on input line 68.
LaTeX Info: Redefining \% on input line 68.

*geometry* driver: auto-detecting
*geometry* detected driver: pdftex
*geometry* verbose mode - [ preamble ] result:
* driver: pdftex
* paper: letterpaper
* layout: <same size as paper>
* layoutoffset:(h,v)=(0.0pt,0.0pt)
* modes: 
* h-part:(L,W,R)=(85.35826pt, 457.80486pt, 71.13188pt)
* v-part:(T,H,B)=(71.13188pt, 652.70622pt, 71.13188pt)
* \paperwidth=614.295pt
* \paperheight=794.96999pt
* \textwidth=457.80486pt
* \textheight=652.70622pt
* \oddsidemargin=13.08827pt
* \evensidemargin=13.08827pt
* \topmargin=-38.1381pt
* \headheight=12.0pt
* \headsep=25.0pt
* \topskip=12.0pt
* \footskip=30.0pt
* \marginparwidth=44.0pt
* \marginparsep=10.0pt
* \columnsep=10.0pt
* \skip\footins=10.8pt plus 4.0pt minus 2.0pt
* \hoffset=0.0pt
* \voffset=0.0pt
* \mag=1000
* \@twocolumnfalse
* \@twosidefalse
* \@mparswitchfalse
* \@reversemarginfalse
* (1in=72.27pt=25.4mm, 1cm=28.453pt)


(d:/Instalar Programas/textlive/texlive/2025/texmf-dist/tex/latex/pdflscape/pdf
lscape.sty
Package: pdflscape 2025-06-23 v0.14 Display of landscape pages in PDF

(d:/Instalar Programas/textlive/texlive/2025/texmf-dist/tex/latex/pdflscape/pdf
lscape-nometadata.sty
Package: pdflscape-nometadata 2025-06-23 v0.14 Display of landscape pages in PD
F (HO)

(d:/Instalar Programas/textlive/texlive/2025/texmf-dist/tex/latex/graphics/lsca
pe.sty
Package: lscape 2020/05/28 v3.02 Landscape Pages (DPC)
)
Package pdflscape Info: Auto-detected driver: pdftex on input line 81.
))
(d:/Instalar Programas/textlive/texlive/2025/texmf-dist/tex/latex/translations/
translations-basic-dictionary-spanish.trsl
File: translations-basic-dictionary-spanish.trsl (spanish translation file `tra
nslations-basic-dictionary')
)
Package translations Info: loading dictionary `translations-basic-dictionary' f
or `spanish'. on input line 68.
Package hyperref Info: Link coloring OFF on input line 68.
 (./cuerpoinforme.out)
(./cuerpoinforme.out)
\@outlinefile=\write4
\openout4 = `cuerpoinforme.out'.

LaTeX Font Info:    Font shape `OT1/ntxtlf/m/n' will be
(Font)              scaled to size 17.28pt on input line 71.
LaTeX Font Info:    Font shape `OT1/ntxtlf/b/n' will be
(Font)              scaled to size 17.28pt on input line 71.
 (./cuerpoinforme.toc
LaTeX Info: Redefining \. on input line 1.
LaTeX Info: Redefining \% on input line 1.
LaTeX Font Info:    Font shape `OT1/ntxtlf/b/n' will be
(Font)              scaled to size 12.0pt on input line 2.
LaTeX Font Info:    Trying to load font information for OT1+minntx on input lin
e 2.

(d:/Instalar Programas/textlive/texlive/2025/texmf-dist/tex/latex/newtx/ot1minn
tx.fd
File: ot1minntx.fd 2023/09/09 v1.1 font definition file for OT1/minntx
)
LaTeX Font Info:    Font shape `OT1/minntx/m/n' will be
(Font)              scaled to size 12.0pt on input line 2.
LaTeX Font Info:    Font shape `OT1/minntx/m/n' will be
(Font)              scaled to size 8.8pt on input line 2.
LaTeX Font Info:    Font shape `OT1/minntx/m/n' will be
(Font)              scaled to size 6.6pt on input line 2.
LaTeX Font Info:    Font shape `OML/ntxmi/m/it' will be
(Font)              scaled to size 12.0pt on input line 2.
LaTeX Font Info:    Font shape `OML/ntxmi/m/it' will be
(Font)              scaled to size 8.8pt on input line 2.
LaTeX Font Info:    Font shape `OML/ntxmi/m/it' will be
(Font)              scaled to size 6.6pt on input line 2.
LaTeX Font Info:    Font shape `LMS/ntxsy/m/n' will be
(Font)              scaled to size 12.0pt on input line 2.
LaTeX Font Info:    Font shape `LMS/ntxsy/m/n' will be
(Font)              scaled to size 8.8pt on input line 2.
LaTeX Font Info:    Font shape `LMS/ntxsy/m/n' will be
(Font)              scaled to size 6.6pt on input line 2.
LaTeX Font Info:    Font shape `LMX/ntxexx/m/n' will be
(Font)              scaled to size 12.0pt on input line 2.
LaTeX Font Info:    Font shape `LMX/ntxexx/m/n' will be
(Font)              scaled to size 8.8pt on input line 2.
LaTeX Font Info:    Font shape `LMX/ntxexx/m/n' will be
(Font)              scaled to size 6.6pt on input line 2.
LaTeX Font Info:    Trying to load font information for U+ntxmia on input line 
2.

(d:/Instalar Programas/textlive/texlive/2025/texmf-dist/tex/latex/newtx/untxmia
.fd
File: untxmia.fd 2024/04/09 Fontinst v1.933 font definitions for U/ntxmia.
)
LaTeX Font Info:    Font shape `U/ntxmia/m/it' will be
(Font)              scaled to size 12.0pt on input line 2.
LaTeX Font Info:    Font shape `U/ntxmia/m/it' will be
(Font)              scaled to size 8.8pt on input line 2.
LaTeX Font Info:    Font shape `U/ntxmia/m/it' will be
(Font)              scaled to size 6.6pt on input line 2.
LaTeX Font Info:    Trying to load font information for U+ntxsym on input line 
2.

(d:/Instalar Programas/textlive/texlive/2025/texmf-dist/tex/latex/newtx/untxsym
.fd
File: untxsym.fd 2023/08/16 Fontinst v1.933 font definitions for U/ntxsym.
)
LaTeX Font Info:    Font shape `U/ntxsym/m/n' will be
(Font)              scaled to size 12.0pt on input line 2.
LaTeX Font Info:    Font shape `U/ntxsym/m/n' will be
(Font)              scaled to size 8.8pt on input line 2.
LaTeX Font Info:    Font shape `U/ntxsym/m/n' will be
(Font)              scaled to size 6.6pt on input line 2.
LaTeX Font Info:    Trying to load font information for U+ntxsyc on input line 
2.

(d:/Instalar Programas/textlive/texlive/2025/texmf-dist/tex/latex/newtx/untxsyc
.fd
File: untxsyc.fd 2012/04/12 Fontinst v1.933 font definitions for U/ntxsyc.
)
LaTeX Font Info:    Font shape `U/ntxsyc/m/n' will be
(Font)              scaled to size 12.0pt on input line 2.
LaTeX Font Info:    Font shape `U/ntxsyc/m/n' will be
(Font)              scaled to size 8.8pt on input line 2.
LaTeX Font Info:    Font shape `U/ntxsyc/m/n' will be
(Font)              scaled to size 6.6pt on input line 2.
LaTeX Font Info:    Font shape `U/ntxexa/m/n' will be
(Font)              scaled to size 12.0pt on input line 2.
LaTeX Font Info:    Font shape `U/ntxexa/m/n' will be
(Font)              scaled to size 8.8pt on input line 2.
LaTeX Font Info:    Font shape `U/ntxexa/m/n' will be
(Font)              scaled to size 6.6pt on input line 2.


Package fancyhdr Warning: \headheight is too small (12.0pt): 
(fancyhdr)                Make it at least 14.49998pt, for example:
(fancyhdr)                \setlength{\headheight}{14.49998pt}.
(fancyhdr)                You might also make \topmargin smaller:
(fancyhdr)                \addtolength{\topmargin}{-2.49998pt}.

[1{d:/Instalar Programas/textlive/texlive/2025/texmf-var/fonts/map/pdftex/updma
p/pdftex.map}{d:/Instalar Programas/textlive/texlive/2025/texmf-dist/fonts/enc/
dvips/newtx/ntx-ot1-tlf.enc}


])
\tf@toc=\write5
\openout5 = `cuerpoinforme.toc'.

 [2]
LaTeX Font Info:    Font shape `OT1/ntxtlf/m/n' will be
(Font)              scaled to size 14.4pt on input line 82.
LaTeX Font Info:    Font shape `OT1/ntxtlf/b/n' will be
(Font)              scaled to size 14.4pt on input line 82.
LaTeX Font Info:    Font shape `OT1/ntxtlf/m/it' will be
(Font)              scaled to size 12.0pt on input line 83.


Package fancyhdr Warning: \headheight is too small (12.0pt): 
(fancyhdr)                Make it at least 14.49998pt, for example:
(fancyhdr)                \setlength{\headheight}{14.49998pt}.
(fancyhdr)                You might also make \topmargin smaller:
(fancyhdr)                \addtolength{\topmargin}{-2.49998pt}.


pdfTeX warning (ext4): destination with the same identifier (name{page.1}) has 
been already used, duplicate ignored
<to be read again> 
                   \relax 
l.96 	\section
              {Cronograma de actividades } [1


]
<./Imagenes/cronograma2.jpg, id=260, 852.18375pt x 1279.78125pt>
File: ./Imagenes/cronograma2.jpg Graphic file (type jpg)
<use ./Imagenes/cronograma2.jpg>
Package pdftex.def Info: ./Imagenes/cronograma2.jpg  used on input line 99.
(pdftex.def)             Requested size: 366.24527pt x 550.02184pt.


Package fancyhdr Warning: \headheight is too small (12.0pt): 
(fancyhdr)                Make it at least 14.49998pt, for example:
(fancyhdr)                \setlength{\headheight}{14.49998pt}.
(fancyhdr)                You might also make \topmargin smaller:
(fancyhdr)                \addtolength{\topmargin}{-2.49998pt}.


pdfTeX warning (ext4): destination with the same identifier (name{page.2}) has 
been already used, duplicate ignored
<to be read again> 
                   \relax 
l.104 \section
              {Introducción} [2

 <./imagenes/cronograma2.jpg>]

Package fancyhdr Warning: \headheight is too small (12.0pt): 
(fancyhdr)                Make it at least 14.49998pt, for example:
(fancyhdr)                \setlength{\headheight}{14.49998pt}.
(fancyhdr)                You might also make \topmargin smaller:
(fancyhdr)                \addtolength{\topmargin}{-2.49998pt}.

[3

]
<./Imagenes/ubicacion.png, id=269, 427.09563pt x 260.47313pt>
File: ./Imagenes/ubicacion.png Graphic file (type png)
<use ./Imagenes/ubicacion.png>
Package pdftex.def Info: ./Imagenes/ubicacion.png  used on input line 126.
(pdftex.def)             Requested size: 366.24527pt x 223.36263pt.


Package fancyhdr Warning: \headheight is too small (12.0pt): 
(fancyhdr)                Make it at least 14.49998pt, for example:
(fancyhdr)                \setlength{\headheight}{14.49998pt}.
(fancyhdr)                You might also make \topmargin smaller:
(fancyhdr)                \addtolength{\topmargin}{-2.49998pt}.

[4

 <./imagenes/ubicacion.png>]
<./Imagenes/organigrama.png, id=275, 1027.84pt x 1541.76pt>
File: ./Imagenes/organigrama.png Graphic file (type png)
<use ./Imagenes/organigrama.png>
Package pdftex.def Info: ./Imagenes/organigrama.png  used on input line 141.
(pdftex.def)             Requested size: 320.46199pt x 480.69313pt.


Package fancyhdr Warning: \headheight is too small (12.0pt): 
(fancyhdr)                Make it at least 14.49998pt, for example:
(fancyhdr)                \setlength{\headheight}{14.49998pt}.
(fancyhdr)                You might also make \topmargin smaller:
(fancyhdr)                \addtolength{\topmargin}{-2.49998pt}.

[5 <./imagenes/organigrama.png (PNG copy)>]

Package fancyhdr Warning: \headheight is too small (12.0pt): 
(fancyhdr)                Make it at least 14.49998pt, for example:
(fancyhdr)                \setlength{\headheight}{14.49998pt}.
(fancyhdr)                You might also make \topmargin smaller:
(fancyhdr)                \addtolength{\topmargin}{-2.49998pt}.

[6]

Package fancyhdr Warning: \headheight is too small (12.0pt): 
(fancyhdr)                Make it at least 14.49998pt, for example:
(fancyhdr)                \setlength{\headheight}{14.49998pt}.
(fancyhdr)                You might also make \topmargin smaller:
(fancyhdr)                \addtolength{\topmargin}{-2.49998pt}.

[7]

Package fancyhdr Warning: \headheight is too small (12.0pt): 
(fancyhdr)                Make it at least 14.49998pt, for example:
(fancyhdr)                \setlength{\headheight}{14.49998pt}.
(fancyhdr)                You might also make \topmargin smaller:
(fancyhdr)                \addtolength{\topmargin}{-2.49998pt}.

[8]

Package fancyhdr Warning: \headheight is too small (12.0pt): 
(fancyhdr)                Make it at least 14.49998pt, for example:
(fancyhdr)                \setlength{\headheight}{14.49998pt}.
(fancyhdr)                You might also make \topmargin smaller:
(fancyhdr)                \addtolength{\topmargin}{-2.49998pt}.

[9

]

Package fancyhdr Warning: \headheight is too small (12.0pt): 
(fancyhdr)                Make it at least 14.49998pt, for example:
(fancyhdr)                \setlength{\headheight}{14.49998pt}.
(fancyhdr)                You might also make \topmargin smaller:
(fancyhdr)                \addtolength{\topmargin}{-2.49998pt}.

[10]

Package fancyhdr Warning: \headheight is too small (12.0pt): 
(fancyhdr)                Make it at least 14.49998pt, for example:
(fancyhdr)                \setlength{\headheight}{14.49998pt}.
(fancyhdr)                You might also make \topmargin smaller:
(fancyhdr)                \addtolength{\topmargin}{-2.49998pt}.

[11]

Package fancyhdr Warning: \headheight is too small (12.0pt): 
(fancyhdr)                Make it at least 14.49998pt, for example:
(fancyhdr)                \setlength{\headheight}{14.49998pt}.
(fancyhdr)                You might also make \topmargin smaller:
(fancyhdr)                \addtolength{\topmargin}{-2.49998pt}.

[12]

Package fancyhdr Warning: \headheight is too small (12.0pt): 
(fancyhdr)                Make it at least 14.49998pt, for example:
(fancyhdr)                \setlength{\headheight}{14.49998pt}.
(fancyhdr)                You might also make \topmargin smaller:
(fancyhdr)                \addtolength{\topmargin}{-2.49998pt}.

[13]
<./Imagenes/imagen3.jpg, id=320, 750.805pt x 1606.0pt>
File: ./Imagenes/imagen3.jpg Graphic file (type jpg)
<use ./Imagenes/imagen3.jpg>
Package pdftex.def Info: ./Imagenes/imagen3.jpg  used on input line 368.
(pdftex.def)             Requested size: 137.34285pt x 293.7726pt.
<./Imagenes/imagen4.jpg, id=321, 634.37pt x 579.16376pt>
File: ./Imagenes/imagen4.jpg Graphic file (type jpg)
<use ./Imagenes/imagen4.jpg>
Package pdftex.def Info: ./Imagenes/imagen4.jpg  used on input line 375.
(pdftex.def)             Requested size: 228.90242pt x 208.98483pt.


Package fancyhdr Warning: \headheight is too small (12.0pt): 
(fancyhdr)                Make it at least 14.49998pt, for example:
(fancyhdr)                \setlength{\headheight}{14.49998pt}.
(fancyhdr)                You might also make \topmargin smaller:
(fancyhdr)                \addtolength{\topmargin}{-2.49998pt}.

[14

 <./imagenes/imagen3.jpg>]
<./Imagenes/imagen5.jpg, id=327, 750.805pt x 1606.0pt>
File: ./Imagenes/imagen5.jpg Graphic file (type jpg)
<use ./Imagenes/imagen5.jpg>
Package pdftex.def Info: ./Imagenes/imagen5.jpg  used on input line 385.
(pdftex.def)             Requested size: 80.11723pt x 171.36734pt.
<./Imagenes/imagen6.jpg, id=328, 750.805pt x 1606.0pt>
File: ./Imagenes/imagen6.jpg Graphic file (type jpg)
<use ./Imagenes/imagen6.jpg>
Package pdftex.def Info: ./Imagenes/imagen6.jpg  used on input line 392.
(pdftex.def)             Requested size: 114.4512pt x 244.8105pt.


Package fancyhdr Warning: \headheight is too small (12.0pt): 
(fancyhdr)                Make it at least 14.49998pt, for example:
(fancyhdr)                \setlength{\headheight}{14.49998pt}.
(fancyhdr)                You might also make \topmargin smaller:
(fancyhdr)                \addtolength{\topmargin}{-2.49998pt}.

[15 <./imagenes/imagen4.jpg> <./imagenes/imagen5.jpg>]
<./Imagenes/imagen8.jpg, id=335, 750.805pt x 1606.0pt>
File: ./Imagenes/imagen8.jpg Graphic file (type jpg)
<use ./Imagenes/imagen8.jpg>
Package pdftex.def Info: ./Imagenes/imagen8.jpg  used on input line 407.
(pdftex.def)             Requested size: 91.55957pt x 195.84839pt.


Package fancyhdr Warning: \headheight is too small (12.0pt): 
(fancyhdr)                Make it at least 14.49998pt, for example:
(fancyhdr)                \setlength{\headheight}{14.49998pt}.
(fancyhdr)                You might also make \topmargin smaller:
(fancyhdr)                \addtolength{\topmargin}{-2.49998pt}.

[16 <./imagenes/imagen6.jpg>]
<./Imagenes/imagen10.jpg, id=341, 750.805pt x 1606.0pt>
File: ./Imagenes/imagen10.jpg Graphic file (type jpg)
<use ./Imagenes/imagen10.jpg>
Package pdftex.def Info: ./Imagenes/imagen10.jpg  used on input line 416.
(pdftex.def)             Requested size: 114.4512pt x 244.8105pt.


Package fancyhdr Warning: \headheight is too small (12.0pt): 
(fancyhdr)                Make it at least 14.49998pt, for example:
(fancyhdr)                \setlength{\headheight}{14.49998pt}.
(fancyhdr)                You might also make \topmargin smaller:
(fancyhdr)                \addtolength{\topmargin}{-2.49998pt}.

[17 <./imagenes/imagen8.jpg> <./imagenes/imagen10.jpg>]
<./Imagenes/imagen7.jpg, id=349, 750.805pt x 1606.0pt>
File: ./Imagenes/imagen7.jpg Graphic file (type jpg)
<use ./Imagenes/imagen7.jpg>
Package pdftex.def Info: ./Imagenes/imagen7.jpg  used on input line 425.
(pdftex.def)             Requested size: 91.55957pt x 195.84839pt.
<./Imagenes/imagen13.jpg, id=350, 750.805pt x 1606.0pt>
File: ./Imagenes/imagen13.jpg Graphic file (type jpg)
<use ./Imagenes/imagen13.jpg>
Package pdftex.def Info: ./Imagenes/imagen13.jpg  used on input line 440.
(pdftex.def)             Requested size: 91.55957pt x 195.84839pt.


Package fancyhdr Warning: \headheight is too small (12.0pt): 
(fancyhdr)                Make it at least 14.49998pt, for example:
(fancyhdr)                \setlength{\headheight}{14.49998pt}.
(fancyhdr)                You might also make \topmargin smaller:
(fancyhdr)                \addtolength{\topmargin}{-2.49998pt}.

[18 <./imagenes/imagen7.jpg>]
<./Imagenes/imagen14.jpg, id=356, 563.10374pt x 1204.5pt>
File: ./Imagenes/imagen14.jpg Graphic file (type jpg)
<use ./Imagenes/imagen14.jpg>
Package pdftex.def Info: ./Imagenes/imagen14.jpg  used on input line 449.
(pdftex.def)             Requested size: 114.4512pt x 244.81049pt.


Package fancyhdr Warning: \headheight is too small (12.0pt): 
(fancyhdr)                Make it at least 14.49998pt, for example:
(fancyhdr)                \setlength{\headheight}{14.49998pt}.
(fancyhdr)                You might also make \topmargin smaller:
(fancyhdr)                \addtolength{\topmargin}{-2.49998pt}.

[19 <./imagenes/imagen13.jpg> <./imagenes/imagen14.jpg>]
<./Imagenes/imagen11.jpg, id=363, 563.10374pt x 1204.5pt>
File: ./Imagenes/imagen11.jpg Graphic file (type jpg)
<use ./Imagenes/imagen11.jpg>
Package pdftex.def Info: ./Imagenes/imagen11.jpg  used on input line 461.
(pdftex.def)             Requested size: 91.55957pt x 195.84839pt.
<./Imagenes/imagen12.jpg, id=364, 750.805pt x 1606.0pt>
File: ./Imagenes/imagen12.jpg Graphic file (type jpg)
<use ./Imagenes/imagen12.jpg>
Package pdftex.def Info: ./Imagenes/imagen12.jpg  used on input line 470.
(pdftex.def)             Requested size: 91.55957pt x 195.84839pt.


Package fancyhdr Warning: \headheight is too small (12.0pt): 
(fancyhdr)                Make it at least 14.49998pt, for example:
(fancyhdr)                \setlength{\headheight}{14.49998pt}.
(fancyhdr)                You might also make \topmargin smaller:
(fancyhdr)                \addtolength{\topmargin}{-2.49998pt}.

[20 <./imagenes/imagen11.jpg> <./imagenes/imagen12.jpg>]
<./Imagenes/imagen17.jpg, id=371, 750.805pt x 1606.0pt>
File: ./Imagenes/imagen17.jpg Graphic file (type jpg)
<use ./Imagenes/imagen17.jpg>
Package pdftex.def Info: ./Imagenes/imagen17.jpg  used on input line 487.
(pdftex.def)             Requested size: 91.55957pt x 195.84839pt.
<./Imagenes/imagen18.jpg, id=372, 563.10374pt x 1204.5pt>
File: ./Imagenes/imagen18.jpg Graphic file (type jpg)
<use ./Imagenes/imagen18.jpg>
Package pdftex.def Info: ./Imagenes/imagen18.jpg  used on input line 496.
(pdftex.def)             Requested size: 91.55957pt x 195.84839pt.


Package fancyhdr Warning: \headheight is too small (12.0pt): 
(fancyhdr)                Make it at least 14.49998pt, for example:
(fancyhdr)                \setlength{\headheight}{14.49998pt}.
(fancyhdr)                You might also make \topmargin smaller:
(fancyhdr)                \addtolength{\topmargin}{-2.49998pt}.

[21 <./imagenes/imagen17.jpg>]
<./Imagenes/imagen16.jpg, id=378, 303.1325pt x 260.975pt>
File: ./Imagenes/imagen16.jpg Graphic file (type jpg)
<use ./Imagenes/imagen16.jpg>
Package pdftex.def Info: ./Imagenes/imagen16.jpg  used on input line 511.
(pdftex.def)             Requested size: 183.11914pt x 157.65343pt.


Package fancyhdr Warning: \headheight is too small (12.0pt): 
(fancyhdr)                Make it at least 14.49998pt, for example:
(fancyhdr)                \setlength{\headheight}{14.49998pt}.
(fancyhdr)                You might also make \topmargin smaller:
(fancyhdr)                \addtolength{\topmargin}{-2.49998pt}.

[22 <./imagenes/imagen18.jpg> <./imagenes/imagen16.jpg>]
<./Imagenes/imagenf5.jpg, id=385, 4015.0pt x 1875.005pt>
File: ./Imagenes/imagenf5.jpg Graphic file (type jpg)
<use ./Imagenes/imagenf5.jpg>
Package pdftex.def Info: ./Imagenes/imagenf5.jpg  used on input line 531.
(pdftex.def)             Requested size: 4014.99026pt x 1875.00044pt.


Package fancyhdr Warning: \headheight is too small (12.0pt): 
(fancyhdr)                Make it at least 14.49998pt, for example:
(fancyhdr)                \setlength{\headheight}{14.49998pt}.
(fancyhdr)                You might also make \topmargin smaller:
(fancyhdr)                \addtolength{\topmargin}{-2.49998pt}.

[23 <./imagenes/imagenf5.jpg>]
<./Imagenes/imagen21.jpg, id=392, 600.2425pt x 1284.8pt>
File: ./Imagenes/imagen21.jpg Graphic file (type jpg)
<use ./Imagenes/imagen21.jpg>
Package pdftex.def Info: ./Imagenes/imagen21.jpg  used on input line 546.
(pdftex.def)             Requested size: 183.11914pt x 391.95164pt.


Package fancyhdr Warning: \headheight is too small (12.0pt): 
(fancyhdr)                Make it at least 14.49998pt, for example:
(fancyhdr)                \setlength{\headheight}{14.49998pt}.
(fancyhdr)                You might also make \topmargin smaller:
(fancyhdr)                \addtolength{\topmargin}{-2.49998pt}.

[24 <./imagenes/imagen21.jpg>]
<./Imagenes/imagen23.jpg, id=398, 600.2425pt x 1284.8pt>
File: ./Imagenes/imagen23.jpg Graphic file (type jpg)
<use ./Imagenes/imagen23.jpg>
Package pdftex.def Info: ./Imagenes/imagen23.jpg  used on input line 557.
(pdftex.def)             Requested size: 199.39037pt x 426.79134pt.
<./Imagenes/imagen24.jpg, id=399, 675.52374pt x 1445.4pt>
File: ./Imagenes/imagen24.jpg Graphic file (type jpg)
<use ./Imagenes/imagen24.jpg>
Package pdftex.def Info: ./Imagenes/imagen24.jpg  used on input line 558.
(pdftex.def)             Requested size: 199.46332pt x 426.79134pt.


Package fancyhdr Warning: \headheight is too small (12.0pt): 
(fancyhdr)                Make it at least 14.49998pt, for example:
(fancyhdr)                \setlength{\headheight}{14.49998pt}.
(fancyhdr)                You might also make \topmargin smaller:
(fancyhdr)                \addtolength{\topmargin}{-2.49998pt}.

[25 <./imagenes/imagen23.jpg> <./imagenes/imagen24.jpg>]
<./Imagenes/imagen26.jpg, id=405, 540.0175pt x 1156.32pt>
File: ./Imagenes/imagen26.jpg Graphic file (type jpg)
<use ./Imagenes/imagen26.jpg>
Package pdftex.def Info: ./Imagenes/imagen26.jpg  used on input line 574.
(pdftex.def)             Requested size: 199.31718pt x 426.79134pt.
<./Imagenes/imagen27.jpg, id=406, 599.23875pt x 1284.8pt>
File: ./Imagenes/imagen27.jpg Graphic file (type jpg)
<use ./Imagenes/imagen27.jpg>
Package pdftex.def Info: ./Imagenes/imagen27.jpg  used on input line 575.
(pdftex.def)             Requested size: 199.05693pt x 426.79134pt.
<./Imagenes/imagen28.jpg, id=407, 599.23875pt x 1284.8pt>
File: ./Imagenes/imagen28.jpg Graphic file (type jpg)
<use ./Imagenes/imagen28.jpg>
Package pdftex.def Info: ./Imagenes/imagen28.jpg  used on input line 581.
(pdftex.def)             Requested size: 199.05693pt x 426.79134pt.
<./Imagenes/imagen29.jpg, id=408, 540.0175pt x 1156.32pt>
File: ./Imagenes/imagen29.jpg Graphic file (type jpg)
<use ./Imagenes/imagen29.jpg>
Package pdftex.def Info: ./Imagenes/imagen29.jpg  used on input line 582.
(pdftex.def)             Requested size: 199.31718pt x 426.79134pt.


Package fancyhdr Warning: \headheight is too small (12.0pt): 
(fancyhdr)                Make it at least 14.49998pt, for example:
(fancyhdr)                \setlength{\headheight}{14.49998pt}.
(fancyhdr)                You might also make \topmargin smaller:
(fancyhdr)                \addtolength{\topmargin}{-2.49998pt}.

[26 <./imagenes/imagen26.jpg> <./imagenes/imagen27.jpg>]
<./Imagenes/imagen37.jpg, id=414, 911.405pt x 775.89874pt>
File: ./Imagenes/imagen37.jpg Graphic file (type jpg)
<use ./Imagenes/imagen37.jpg>
Package pdftex.def Info: ./Imagenes/imagen37.jpg  used on input line 596.
(pdftex.def)             Requested size: 200.52362pt x 170.71652pt.
<./Imagenes/imagen38.jpg, id=415, 1156.32pt x 540.0175pt>
File: ./Imagenes/imagen38.jpg Graphic file (type jpg)
<use ./Imagenes/imagen38.jpg>
Package pdftex.def Info: ./Imagenes/imagen38.jpg  used on input line 597.
(pdftex.def)             Requested size: 304.62366pt x 142.26378pt.


Package fancyhdr Warning: \headheight is too small (12.0pt): 
(fancyhdr)                Make it at least 14.49998pt, for example:
(fancyhdr)                \setlength{\headheight}{14.49998pt}.
(fancyhdr)                You might also make \topmargin smaller:
(fancyhdr)                \addtolength{\topmargin}{-2.49998pt}.

[27 <./imagenes/imagen28.jpg> <./imagenes/imagen29.jpg>]
<./Imagenes/imagen40.jpg, id=421, 878.28125pt x 667.49374pt>
File: ./Imagenes/imagen40.jpg Graphic file (type jpg)
<use ./Imagenes/imagen40.jpg>
Package pdftex.def Info: ./Imagenes/imagen40.jpg  used on input line 603.
(pdftex.def)             Requested size: 243.344pt x 184.9429pt.
<./Imagenes/imagen41.jpg, id=422, 768.8725pt x 686.565pt>
File: ./Imagenes/imagen41.jpg Graphic file (type jpg)
<use ./Imagenes/imagen41.jpg>
Package pdftex.def Info: ./Imagenes/imagen41.jpg  used on input line 604.
(pdftex.def)             Requested size: 207.1056pt x 184.9429pt.
<./Imagenes/imagen32.jpg, id=423, 540.0175pt x 1156.32pt>
File: ./Imagenes/imagen32.jpg Graphic file (type jpg)
<use ./Imagenes/imagen32.jpg>
Package pdftex.def Info: ./Imagenes/imagen32.jpg  used on input line 615.
(pdftex.def)             Requested size: 199.31718pt x 426.79134pt.
<./Imagenes/imagen34.jpg, id=424, 540.0175pt x 1156.32pt>
File: ./Imagenes/imagen34.jpg Graphic file (type jpg)
<use ./Imagenes/imagen34.jpg>
Package pdftex.def Info: ./Imagenes/imagen34.jpg  used on input line 616.
(pdftex.def)             Requested size: 199.31718pt x 426.79134pt.


Package fancyhdr Warning: \headheight is too small (12.0pt): 
(fancyhdr)                Make it at least 14.49998pt, for example:
(fancyhdr)                \setlength{\headheight}{14.49998pt}.
(fancyhdr)                You might also make \topmargin smaller:
(fancyhdr)                \addtolength{\topmargin}{-2.49998pt}.

[28 <./imagenes/imagen37.jpg> <./imagenes/imagen38.jpg> <./imagenes/imagen40.jp
g> <./imagenes/imagen41.jpg>]
<./Imagenes/imagen42.jpg, id=431, 599.23875pt x 1284.8pt>
File: ./Imagenes/imagen42.jpg Graphic file (type jpg)
<use ./Imagenes/imagen42.jpg>
Package pdftex.def Info: ./Imagenes/imagen42.jpg  used on input line 631.
(pdftex.def)             Requested size: 199.05693pt x 426.79134pt.
<./Imagenes/imagen44.jpg, id=432, 599.23875pt x 1284.8pt>
File: ./Imagenes/imagen44.jpg Graphic file (type jpg)
<use ./Imagenes/imagen44.jpg>
Package pdftex.def Info: ./Imagenes/imagen44.jpg  used on input line 632.
(pdftex.def)             Requested size: 199.05693pt x 426.79134pt.


Package fancyhdr Warning: \headheight is too small (12.0pt): 
(fancyhdr)                Make it at least 14.49998pt, for example:
(fancyhdr)                \setlength{\headheight}{14.49998pt}.
(fancyhdr)                You might also make \topmargin smaller:
(fancyhdr)                \addtolength{\topmargin}{-2.49998pt}.

[29 <./imagenes/imagen32.jpg> <./imagenes/imagen34.jpg>]
<./Imagenes/imagen47.jpg, id=439, 675.52374pt x 1445.4pt>
File: ./Imagenes/imagen47.jpg Graphic file (type jpg)
<use ./Imagenes/imagen47.jpg>
Package pdftex.def Info: ./Imagenes/imagen47.jpg  used on input line 643.
(pdftex.def)             Requested size: 199.46332pt x 426.79134pt.
<./Imagenes/imagen48.jpg, id=440, 540.0175pt x 1156.32pt>
File: ./Imagenes/imagen48.jpg Graphic file (type jpg)
<use ./Imagenes/imagen48.jpg>
Package pdftex.def Info: ./Imagenes/imagen48.jpg  used on input line 644.
(pdftex.def)             Requested size: 199.31718pt x 426.79134pt.


Package fancyhdr Warning: \headheight is too small (12.0pt): 
(fancyhdr)                Make it at least 14.49998pt, for example:
(fancyhdr)                \setlength{\headheight}{14.49998pt}.
(fancyhdr)                You might also make \topmargin smaller:
(fancyhdr)                \addtolength{\topmargin}{-2.49998pt}.

[30 <./imagenes/imagen42.jpg> <./imagenes/imagen44.jpg>]
<./Imagenes/imagen50.jpg, id=446, 599.23875pt x 1284.8pt>
File: ./Imagenes/imagen50.jpg Graphic file (type jpg)
<use ./Imagenes/imagen50.jpg>
Package pdftex.def Info: ./Imagenes/imagen50.jpg  used on input line 660.
(pdftex.def)             Requested size: 199.05693pt x 426.79134pt.
<./Imagenes/imagen51.jpg, id=447, 540.0175pt x 1156.32pt>
File: ./Imagenes/imagen51.jpg Graphic file (type jpg)
<use ./Imagenes/imagen51.jpg>
Package pdftex.def Info: ./Imagenes/imagen51.jpg  used on input line 661.
(pdftex.def)             Requested size: 199.31718pt x 426.79134pt.


Package fancyhdr Warning: \headheight is too small (12.0pt): 
(fancyhdr)                Make it at least 14.49998pt, for example:
(fancyhdr)                \setlength{\headheight}{14.49998pt}.
(fancyhdr)                You might also make \topmargin smaller:
(fancyhdr)                \addtolength{\topmargin}{-2.49998pt}.

[31 <./imagenes/imagen47.jpg> <./imagenes/imagen48.jpg>]
<./Imagenes/imagen49.jpg, id=454, 599.23875pt x 1284.8pt>
File: ./Imagenes/imagen49.jpg Graphic file (type jpg)
<use ./Imagenes/imagen49.jpg>
Package pdftex.def Info: ./Imagenes/imagen49.jpg  used on input line 668.
(pdftex.def)             Requested size: 199.05693pt x 426.79134pt.
<./Imagenes/imagen53.jpg, id=455, 479.7925pt x 1027.84pt>
File: ./Imagenes/imagen53.jpg Graphic file (type jpg)
<use ./Imagenes/imagen53.jpg>
Package pdftex.def Info: ./Imagenes/imagen53.jpg  used on input line 669.
(pdftex.def)             Requested size: 199.2273pt x 426.79134pt.


Package fancyhdr Warning: \headheight is too small (12.0pt): 
(fancyhdr)                Make it at least 14.49998pt, for example:
(fancyhdr)                \setlength{\headheight}{14.49998pt}.
(fancyhdr)                You might also make \topmargin smaller:
(fancyhdr)                \addtolength{\topmargin}{-2.49998pt}.

[32 <./imagenes/imagen50.jpg> <./imagenes/imagen51.jpg>]

Package fancyhdr Warning: \headheight is too small (12.0pt): 
(fancyhdr)                Make it at least 14.49998pt, for example:
(fancyhdr)                \setlength{\headheight}{14.49998pt}.
(fancyhdr)                You might also make \topmargin smaller:
(fancyhdr)                \addtolength{\topmargin}{-2.49998pt}.

[33 <./imagenes/imagen49.jpg> <./imagenes/imagen53.jpg>]

Package fancyhdr Warning: \headheight is too small (12.0pt): 
(fancyhdr)                Make it at least 14.49998pt, for example:
(fancyhdr)                \setlength{\headheight}{14.49998pt}.
(fancyhdr)                You might also make \topmargin smaller:
(fancyhdr)                \addtolength{\topmargin}{-2.49998pt}.

[34

]

Package fancyhdr Warning: \headheight is too small (12.0pt): 
(fancyhdr)                Make it at least 14.49998pt, for example:
(fancyhdr)                \setlength{\headheight}{14.49998pt}.
(fancyhdr)                You might also make \topmargin smaller:
(fancyhdr)                \addtolength{\topmargin}{-2.49998pt}.

[35]

Package fancyhdr Warning: \headheight is too small (12.0pt): 
(fancyhdr)                Make it at least 14.49998pt, for example:
(fancyhdr)                \setlength{\headheight}{14.49998pt}.
(fancyhdr)                You might also make \topmargin smaller:
(fancyhdr)                \addtolength{\topmargin}{-2.49998pt}.

[36]
<./Imagenes/img1.png, id=482, 274.52562pt x 314.17375pt>
File: ./Imagenes/img1.png Graphic file (type png)
<use ./Imagenes/img1.png>
Package pdftex.def Info: ./Imagenes/img1.png  used on input line 733.
(pdftex.def)             Requested size: 228.90242pt x 261.9674pt.
<./Imagenes/img2.png, id=483, 1131.47719pt x 332.74312pt>
File: ./Imagenes/img2.png Graphic file (type png)
<use ./Imagenes/img2.png>
Package pdftex.def Info: ./Imagenes/img2.png  used on input line 743.
(pdftex.def)             Requested size: 480.69649pt x 141.36063pt.

Overfull \hbox (22.89163pt too wide) in paragraph at lines 743--744
 [][] 
 []


Package fancyhdr Warning: \headheight is too small (12.0pt): 
(fancyhdr)                Make it at least 14.49998pt, for example:
(fancyhdr)                \setlength{\headheight}{14.49998pt}.
(fancyhdr)                You might also make \topmargin smaller:
(fancyhdr)                \addtolength{\topmargin}{-2.49998pt}.

[37

 <./imagenes/img1.png>]
<planodrenaje.pdf, id=489, 597.23125pt x 845.1575pt>
File: planodrenaje.pdf Graphic file (type pdf)
<use planodrenaje.pdf>
Package pdftex.def Info: planodrenaje.pdf  used on input line 757.
(pdftex.def)             Requested size: 597.22978pt x 845.15544pt.
<planodrenaje.pdf, id=491, page=1, 597.23125pt x 845.1575pt>
File: planodrenaje.pdf Graphic file (type pdf)
<use planodrenaje.pdf, page 1>
Package pdftex.def Info: planodrenaje.pdf , page1 used on input line 757.
(pdftex.def)             Requested size: 597.22978pt x 845.15544pt.
File: planodrenaje.pdf Graphic file (type pdf)
<use planodrenaje.pdf, page 1>
Package pdftex.def Info: planodrenaje.pdf , page1 used on input line 757.
(pdftex.def)             Requested size: 597.33913pt x 845.31018pt.


Package fancyhdr Warning: \headheight is too small (12.0pt): 
(fancyhdr)                Make it at least 14.49998pt, for example:
(fancyhdr)                \setlength{\headheight}{14.49998pt}.
(fancyhdr)                You might also make \topmargin smaller:
(fancyhdr)                \addtolength{\topmargin}{-2.49998pt}.

[38 <./imagenes/img2.png (PNG copy)>]
File: planodrenaje.pdf Graphic file (type pdf)
<use planodrenaje.pdf, page 1>
Package pdftex.def Info: planodrenaje.pdf , page1 used on input line 757.
(pdftex.def)             Requested size: 597.33913pt x 845.31018pt.
File: planodrenaje.pdf Graphic file (type pdf)
<use planodrenaje.pdf, page 1>
Package pdftex.def Info: planodrenaje.pdf , page1 used on input line 757.
(pdftex.def)             Requested size: 597.33913pt x 845.31018pt.


Package fancyhdr Warning: \headheight is too small (12.0pt): 
(fancyhdr)                Make it at least 14.49998pt, for example:
(fancyhdr)                \setlength{\headheight}{14.49998pt}.
(fancyhdr)                You might also make \topmargin smaller:
(fancyhdr)                \addtolength{\topmargin}{-2.49998pt}.

File: planodrenaje.pdf Graphic file (type pdf)
<use planodrenaje.pdf, page 1>
Package pdftex.def Info: planodrenaje.pdf , page1 used on input line 757.
(pdftex.def)             Requested size: 597.33913pt x 845.31018pt.
[39

 <./planodrenaje.pdf>]
<planodrenaje.pdf, id=516, page=2, 597.23125pt x 845.1575pt>
File: planodrenaje.pdf Graphic file (type pdf)
<use planodrenaje.pdf, page 2>
Package pdftex.def Info: planodrenaje.pdf , page2 used on input line 757.
(pdftex.def)             Requested size: 597.33913pt x 845.31018pt.
File: planodrenaje.pdf Graphic file (type pdf)
<use planodrenaje.pdf, page 2>
Package pdftex.def Info: planodrenaje.pdf , page2 used on input line 757.
(pdftex.def)             Requested size: 597.33913pt x 845.31018pt.


Package fancyhdr Warning: \headheight is too small (12.0pt): 
(fancyhdr)                Make it at least 14.49998pt, for example:
(fancyhdr)                \setlength{\headheight}{14.49998pt}.
(fancyhdr)                You might also make \topmargin smaller:
(fancyhdr)                \addtolength{\topmargin}{-2.49998pt}.

File: planodrenaje.pdf Graphic file (type pdf)
<use planodrenaje.pdf, page 2>
Package pdftex.def Info: planodrenaje.pdf , page2 used on input line 757.
(pdftex.def)             Requested size: 597.33913pt x 845.31018pt.
[40

 <./planodrenaje.pdf>]
<./Imagenes/img4.jpg, id=524, 198.7425pt x 140.02313pt>
File: ./Imagenes/img4.jpg Graphic file (type jpg)
<use ./Imagenes/img4.jpg>
Package pdftex.def Info: ./Imagenes/img4.jpg  used on input line 764.
(pdftex.def)             Requested size: 228.90242pt x 161.27745pt.
<./Imagenes/img5.jpg, id=525, 288.07625pt x 291.58937pt>
File: ./Imagenes/img5.jpg Graphic file (type jpg)
<use ./Imagenes/img5.jpg>
Package pdftex.def Info: ./Imagenes/img5.jpg  used on input line 769.
(pdftex.def)             Requested size: 228.90242pt x 231.7012pt.
<./Imagenes/img6.jpg, id=526, 240.9pt x 130.98938pt>
File: ./Imagenes/img6.jpg Graphic file (type jpg)
<use ./Imagenes/img6.jpg>
Package pdftex.def Info: ./Imagenes/img6.jpg  used on input line 774.
(pdftex.def)             Requested size: 228.90242pt x 124.46916pt.


Package fancyhdr Warning: \headheight is too small (12.0pt): 
(fancyhdr)                Make it at least 14.49998pt, for example:
(fancyhdr)                \setlength{\headheight}{14.49998pt}.
(fancyhdr)                You might also make \topmargin smaller:
(fancyhdr)                \addtolength{\topmargin}{-2.49998pt}.

[41 <./imagenes/img4.jpg> <./imagenes/img5.jpg>]
<./Imagenes/img7.jpg, id=534, 168.12813pt x 237.88875pt>
File: ./Imagenes/img7.jpg Graphic file (type jpg)
<use ./Imagenes/img7.jpg>
Package pdftex.def Info: ./Imagenes/img7.jpg  used on input line 779.
(pdftex.def)             Requested size: 228.90242pt x 323.88376pt.
<./Imagenes/img8.jpg, id=535, 443.6575pt x 292.09125pt>
File: ./Imagenes/img8.jpg Graphic file (type jpg)
<use ./Imagenes/img8.jpg>
Package pdftex.def Info: ./Imagenes/img8.jpg  used on input line 784.
(pdftex.def)             Requested size: 457.80486pt x 301.40553pt.


Package fancyhdr Warning: \headheight is too small (12.0pt): 
(fancyhdr)                Make it at least 14.49998pt, for example:
(fancyhdr)                \setlength{\headheight}{14.49998pt}.
(fancyhdr)                You might also make \topmargin smaller:
(fancyhdr)                \addtolength{\topmargin}{-2.49998pt}.

[42 <./imagenes/img6.jpg> <./imagenes/img7.jpg>]

Package fancyhdr Warning: \headheight is too small (12.0pt): 
(fancyhdr)                Make it at least 14.49998pt, for example:
(fancyhdr)                \setlength{\headheight}{14.49998pt}.
(fancyhdr)                You might also make \topmargin smaller:
(fancyhdr)                \addtolength{\topmargin}{-2.49998pt}.

[43 <./imagenes/img8.jpg>]
LaTeX Font Info:    Font shape `OT1/ntxtlf/m/n' will be
(Font)              scaled to size 8.8pt on input line 816.
LaTeX Font Info:    Font shape `OT1/ntxtlf/m/n' will be
(Font)              scaled to size 6.6pt on input line 816.


Package fancyhdr Warning: \headheight is too small (12.0pt): 
(fancyhdr)                Make it at least 14.49998pt, for example:
(fancyhdr)                \setlength{\headheight}{14.49998pt}.
(fancyhdr)                You might also make \topmargin smaller:
(fancyhdr)                \addtolength{\topmargin}{-2.49998pt}.

[44]

Package fancyhdr Warning: \headheight is too small (12.0pt): 
(fancyhdr)                Make it at least 14.49998pt, for example:
(fancyhdr)                \setlength{\headheight}{14.49998pt}.
(fancyhdr)                You might also make \topmargin smaller:
(fancyhdr)                \addtolength{\topmargin}{-2.49998pt}.

[45]

Package fancyhdr Warning: \headheight is too small (12.0pt): 
(fancyhdr)                Make it at least 14.49998pt, for example:
(fancyhdr)                \setlength{\headheight}{14.49998pt}.
(fancyhdr)                You might also make \topmargin smaller:
(fancyhdr)                \addtolength{\topmargin}{-2.49998pt}.

[46]
LaTeX Font Info:    Trying to load font information for TS1+ntxtlf on input lin
e 887.

(d:/Instalar Programas/textlive/texlive/2025/texmf-dist/tex/latex/newtx/ts1ntxt
lf.fd
File: ts1ntxtlf.fd 2015/01/18 v1.0 fd file for TS1/ntxtlf
)
LaTeX Font Info:    Font shape `TS1/ntxtlf/m/n' will be
(Font)              scaled to size 12.0pt on input line 887.


Package fancyhdr Warning: \headheight is too small (12.0pt): 
(fancyhdr)                Make it at least 14.49998pt, for example:
(fancyhdr)                \setlength{\headheight}{14.49998pt}.
(fancyhdr)                You might also make \topmargin smaller:
(fancyhdr)                \addtolength{\topmargin}{-2.49998pt}.

[47{d:/Instalar Programas/textlive/texlive/2025/texmf-dist/fonts/enc/dvips/tex-
gyre/q-ts1.enc}]

Package fancyhdr Warning: \headheight is too small (12.0pt): 
(fancyhdr)                Make it at least 14.49998pt, for example:
(fancyhdr)                \setlength{\headheight}{14.49998pt}.
(fancyhdr)                You might also make \topmargin smaller:
(fancyhdr)                \addtolength{\topmargin}{-2.49998pt}.

[48]

Package fancyhdr Warning: \headheight is too small (12.0pt): 
(fancyhdr)                Make it at least 14.49998pt, for example:
(fancyhdr)                \setlength{\headheight}{14.49998pt}.
(fancyhdr)                You might also make \topmargin smaller:
(fancyhdr)                \addtolength{\topmargin}{-2.49998pt}.

[49

]

Package fancyhdr Warning: \headheight is too small (12.0pt): 
(fancyhdr)                Make it at least 14.49998pt, for example:
(fancyhdr)                \setlength{\headheight}{14.49998pt}.
(fancyhdr)                You might also make \topmargin smaller:
(fancyhdr)                \addtolength{\topmargin}{-2.49998pt}.

[50]

Package fancyhdr Warning: \headheight is too small (12.0pt): 
(fancyhdr)                Make it at least 14.49998pt, for example:
(fancyhdr)                \setlength{\headheight}{14.49998pt}.
(fancyhdr)                You might also make \topmargin smaller:
(fancyhdr)                \addtolength{\topmargin}{-2.49998pt}.

[51

]

Package fancyhdr Warning: \headheight is too small (12.0pt): 
(fancyhdr)                Make it at least 14.49998pt, for example:
(fancyhdr)                \setlength{\headheight}{14.49998pt}.
(fancyhdr)                You might also make \topmargin smaller:
(fancyhdr)                \addtolength{\topmargin}{-2.49998pt}.

[52

]
<investigacion2.pdf, id=604, 614.295pt x 794.97pt>
File: investigacion2.pdf Graphic file (type pdf)
<use investigacion2.pdf>
Package pdftex.def Info: investigacion2.pdf  used on input line 997.
(pdftex.def)             Requested size: 614.29349pt x 794.96806pt.
<investigacion2.pdf, id=606, page=1, 614.295pt x 794.97pt>
File: investigacion2.pdf Graphic file (type pdf)
<use investigacion2.pdf, page 1>
Package pdftex.def Info: investigacion2.pdf , page1 used on input line 997.
(pdftex.def)             Requested size: 614.29349pt x 794.96806pt.
File: investigacion2.pdf Graphic file (type pdf)
<use investigacion2.pdf, page 1>
Package pdftex.def Info: investigacion2.pdf , page1 used on input line 997.
(pdftex.def)             Requested size: 614.58406pt x 795.3441pt.


Package fancyhdr Warning: \headheight is too small (12.0pt): 
(fancyhdr)                Make it at least 14.49998pt, for example:
(fancyhdr)                \setlength{\headheight}{14.49998pt}.
(fancyhdr)                You might also make \topmargin smaller:
(fancyhdr)                \addtolength{\topmargin}{-2.49998pt}.

[53

]
File: investigacion2.pdf Graphic file (type pdf)
<use investigacion2.pdf, page 1>
Package pdftex.def Info: investigacion2.pdf , page1 used on input line 997.
(pdftex.def)             Requested size: 614.58406pt x 795.3441pt.
File: investigacion2.pdf Graphic file (type pdf)
<use investigacion2.pdf, page 1>
Package pdftex.def Info: investigacion2.pdf , page1 used on input line 997.
(pdftex.def)             Requested size: 614.58406pt x 795.3441pt.


Package fancyhdr Warning: \headheight is too small (12.0pt): 
(fancyhdr)                Make it at least 14.49998pt, for example:
(fancyhdr)                \setlength{\headheight}{14.49998pt}.
(fancyhdr)                You might also make \topmargin smaller:
(fancyhdr)                \addtolength{\topmargin}{-2.49998pt}.

File: investigacion2.pdf Graphic file (type pdf)
<use investigacion2.pdf, page 1>
Package pdftex.def Info: investigacion2.pdf , page1 used on input line 997.
(pdftex.def)             Requested size: 614.58406pt x 795.3441pt.
[54

 <./investigacion2.pdf>]
<investigacion2.pdf, id=641, page=2, 614.295pt x 794.97pt>
File: investigacion2.pdf Graphic file (type pdf)
<use investigacion2.pdf, page 2>
Package pdftex.def Info: investigacion2.pdf , page2 used on input line 997.
(pdftex.def)             Requested size: 614.58406pt x 795.3441pt.
File: investigacion2.pdf Graphic file (type pdf)
<use investigacion2.pdf, page 2>
Package pdftex.def Info: investigacion2.pdf , page2 used on input line 997.
(pdftex.def)             Requested size: 614.58406pt x 795.3441pt.


Package fancyhdr Warning: \headheight is too small (12.0pt): 
(fancyhdr)                Make it at least 14.49998pt, for example:
(fancyhdr)                \setlength{\headheight}{14.49998pt}.
(fancyhdr)                You might also make \topmargin smaller:
(fancyhdr)                \addtolength{\topmargin}{-2.49998pt}.

File: investigacion2.pdf Graphic file (type pdf)
<use investigacion2.pdf, page 2>
Package pdftex.def Info: investigacion2.pdf , page2 used on input line 997.
(pdftex.def)             Requested size: 614.58406pt x 795.3441pt.
[55

 <./investigacion2.pdf>]
<investigacion2.pdf, id=646, page=3, 614.295pt x 794.97pt>
File: investigacion2.pdf Graphic file (type pdf)
<use investigacion2.pdf, page 3>
Package pdftex.def Info: investigacion2.pdf , page3 used on input line 997.
(pdftex.def)             Requested size: 614.58406pt x 795.3441pt.
File: investigacion2.pdf Graphic file (type pdf)
<use investigacion2.pdf, page 3>
Package pdftex.def Info: investigacion2.pdf , page3 used on input line 997.
(pdftex.def)             Requested size: 614.58406pt x 795.3441pt.


Package fancyhdr Warning: \headheight is too small (12.0pt): 
(fancyhdr)                Make it at least 14.49998pt, for example:
(fancyhdr)                \setlength{\headheight}{14.49998pt}.
(fancyhdr)                You might also make \topmargin smaller:
(fancyhdr)                \addtolength{\topmargin}{-2.49998pt}.

File: investigacion2.pdf Graphic file (type pdf)
<use investigacion2.pdf, page 3>
Package pdftex.def Info: investigacion2.pdf , page3 used on input line 997.
(pdftex.def)             Requested size: 614.58406pt x 795.3441pt.
[56

 <./investigacion2.pdf>]
<investigacion2.pdf, id=657, page=4, 614.295pt x 794.97pt>
File: investigacion2.pdf Graphic file (type pdf)
<use investigacion2.pdf, page 4>
Package pdftex.def Info: investigacion2.pdf , page4 used on input line 997.
(pdftex.def)             Requested size: 614.58406pt x 795.3441pt.
File: investigacion2.pdf Graphic file (type pdf)
<use investigacion2.pdf, page 4>
Package pdftex.def Info: investigacion2.pdf , page4 used on input line 997.
(pdftex.def)             Requested size: 614.58406pt x 795.3441pt.


Package fancyhdr Warning: \headheight is too small (12.0pt): 
(fancyhdr)                Make it at least 14.49998pt, for example:
(fancyhdr)                \setlength{\headheight}{14.49998pt}.
(fancyhdr)                You might also make \topmargin smaller:
(fancyhdr)                \addtolength{\topmargin}{-2.49998pt}.

File: investigacion2.pdf Graphic file (type pdf)
<use investigacion2.pdf, page 4>
Package pdftex.def Info: investigacion2.pdf , page4 used on input line 997.
(pdftex.def)             Requested size: 614.58406pt x 795.3441pt.
[57

 <./investigacion2.pdf>]
<investigacion2.pdf, id=662, page=5, 614.295pt x 794.97pt>
File: investigacion2.pdf Graphic file (type pdf)
<use investigacion2.pdf, page 5>
Package pdftex.def Info: investigacion2.pdf , page5 used on input line 997.
(pdftex.def)             Requested size: 614.58406pt x 795.3441pt.
File: investigacion2.pdf Graphic file (type pdf)
<use investigacion2.pdf, page 5>
Package pdftex.def Info: investigacion2.pdf , page5 used on input line 997.
(pdftex.def)             Requested size: 614.58406pt x 795.3441pt.


Package fancyhdr Warning: \headheight is too small (12.0pt): 
(fancyhdr)                Make it at least 14.49998pt, for example:
(fancyhdr)                \setlength{\headheight}{14.49998pt}.
(fancyhdr)                You might also make \topmargin smaller:
(fancyhdr)                \addtolength{\topmargin}{-2.49998pt}.

File: investigacion2.pdf Graphic file (type pdf)
<use investigacion2.pdf, page 5>
Package pdftex.def Info: investigacion2.pdf , page5 used on input line 997.
(pdftex.def)             Requested size: 614.58406pt x 795.3441pt.
[58

 <./investigacion2.pdf>]
<investigacion2.pdf, id=667, page=6, 614.295pt x 794.97pt>
File: investigacion2.pdf Graphic file (type pdf)
<use investigacion2.pdf, page 6>
Package pdftex.def Info: investigacion2.pdf , page6 used on input line 997.
(pdftex.def)             Requested size: 614.58406pt x 795.3441pt.
File: investigacion2.pdf Graphic file (type pdf)
<use investigacion2.pdf, page 6>
Package pdftex.def Info: investigacion2.pdf , page6 used on input line 997.
(pdftex.def)             Requested size: 614.58406pt x 795.3441pt.


Package fancyhdr Warning: \headheight is too small (12.0pt): 
(fancyhdr)                Make it at least 14.49998pt, for example:
(fancyhdr)                \setlength{\headheight}{14.49998pt}.
(fancyhdr)                You might also make \topmargin smaller:
(fancyhdr)                \addtolength{\topmargin}{-2.49998pt}.

File: investigacion2.pdf Graphic file (type pdf)
<use investigacion2.pdf, page 6>
Package pdftex.def Info: investigacion2.pdf , page6 used on input line 997.
(pdftex.def)             Requested size: 614.58406pt x 795.3441pt.
[59

 <./investigacion2.pdf>]
<investigacion2.pdf, id=673, page=7, 614.295pt x 794.97pt>
File: investigacion2.pdf Graphic file (type pdf)
<use investigacion2.pdf, page 7>
Package pdftex.def Info: investigacion2.pdf , page7 used on input line 997.
(pdftex.def)             Requested size: 614.58406pt x 795.3441pt.
File: investigacion2.pdf Graphic file (type pdf)
<use investigacion2.pdf, page 7>
Package pdftex.def Info: investigacion2.pdf , page7 used on input line 997.
(pdftex.def)             Requested size: 614.58406pt x 795.3441pt.


Package fancyhdr Warning: \headheight is too small (12.0pt): 
(fancyhdr)                Make it at least 14.49998pt, for example:
(fancyhdr)                \setlength{\headheight}{14.49998pt}.
(fancyhdr)                You might also make \topmargin smaller:
(fancyhdr)                \addtolength{\topmargin}{-2.49998pt}.

File: investigacion2.pdf Graphic file (type pdf)
<use investigacion2.pdf, page 7>
Package pdftex.def Info: investigacion2.pdf , page7 used on input line 997.
(pdftex.def)             Requested size: 614.58406pt x 795.3441pt.
[60

 <./investigacion2.pdf>]
<investigacion2.pdf, id=678, page=8, 614.295pt x 794.97pt>
File: investigacion2.pdf Graphic file (type pdf)
<use investigacion2.pdf, page 8>
Package pdftex.def Info: investigacion2.pdf , page8 used on input line 997.
(pdftex.def)             Requested size: 614.58406pt x 795.3441pt.
File: investigacion2.pdf Graphic file (type pdf)
<use investigacion2.pdf, page 8>
Package pdftex.def Info: investigacion2.pdf , page8 used on input line 997.
(pdftex.def)             Requested size: 614.58406pt x 795.3441pt.


Package fancyhdr Warning: \headheight is too small (12.0pt): 
(fancyhdr)                Make it at least 14.49998pt, for example:
(fancyhdr)                \setlength{\headheight}{14.49998pt}.
(fancyhdr)                You might also make \topmargin smaller:
(fancyhdr)                \addtolength{\topmargin}{-2.49998pt}.

File: investigacion2.pdf Graphic file (type pdf)
<use investigacion2.pdf, page 8>
Package pdftex.def Info: investigacion2.pdf , page8 used on input line 997.
(pdftex.def)             Requested size: 614.58406pt x 795.3441pt.
[61

 <./investigacion2.pdf>]
<investigacion2.pdf, id=683, page=9, 614.295pt x 794.97pt>
File: investigacion2.pdf Graphic file (type pdf)
<use investigacion2.pdf, page 9>
Package pdftex.def Info: investigacion2.pdf , page9 used on input line 997.
(pdftex.def)             Requested size: 614.58406pt x 795.3441pt.
File: investigacion2.pdf Graphic file (type pdf)
<use investigacion2.pdf, page 9>
Package pdftex.def Info: investigacion2.pdf , page9 used on input line 997.
(pdftex.def)             Requested size: 614.58406pt x 795.3441pt.


Package fancyhdr Warning: \headheight is too small (12.0pt): 
(fancyhdr)                Make it at least 14.49998pt, for example:
(fancyhdr)                \setlength{\headheight}{14.49998pt}.
(fancyhdr)                You might also make \topmargin smaller:
(fancyhdr)                \addtolength{\topmargin}{-2.49998pt}.

File: investigacion2.pdf Graphic file (type pdf)
<use investigacion2.pdf, page 9>
Package pdftex.def Info: investigacion2.pdf , page9 used on input line 997.
(pdftex.def)             Requested size: 614.58406pt x 795.3441pt.
[62

 <./investigacion2.pdf>]
<investigacion2.pdf, id=688, page=10, 614.295pt x 794.97pt>
File: investigacion2.pdf Graphic file (type pdf)
<use investigacion2.pdf, page 10>
Package pdftex.def Info: investigacion2.pdf , page10 used on input line 997.
(pdftex.def)             Requested size: 614.58406pt x 795.3441pt.
File: investigacion2.pdf Graphic file (type pdf)
<use investigacion2.pdf, page 10>
Package pdftex.def Info: investigacion2.pdf , page10 used on input line 997.
(pdftex.def)             Requested size: 614.58406pt x 795.3441pt.


Package fancyhdr Warning: \headheight is too small (12.0pt): 
(fancyhdr)                Make it at least 14.49998pt, for example:
(fancyhdr)                \setlength{\headheight}{14.49998pt}.
(fancyhdr)                You might also make \topmargin smaller:
(fancyhdr)                \addtolength{\topmargin}{-2.49998pt}.

File: investigacion2.pdf Graphic file (type pdf)
<use investigacion2.pdf, page 10>
Package pdftex.def Info: investigacion2.pdf , page10 used on input line 997.
(pdftex.def)             Requested size: 614.58406pt x 795.3441pt.
[63

 <./investigacion2.pdf>]
<investigacion2.pdf, id=693, page=11, 614.295pt x 794.97pt>
File: investigacion2.pdf Graphic file (type pdf)
<use investigacion2.pdf, page 11>
Package pdftex.def Info: investigacion2.pdf , page11 used on input line 997.
(pdftex.def)             Requested size: 614.58406pt x 795.3441pt.
File: investigacion2.pdf Graphic file (type pdf)
<use investigacion2.pdf, page 11>
Package pdftex.def Info: investigacion2.pdf , page11 used on input line 997.
(pdftex.def)             Requested size: 614.58406pt x 795.3441pt.


Package fancyhdr Warning: \headheight is too small (12.0pt): 
(fancyhdr)                Make it at least 14.49998pt, for example:
(fancyhdr)                \setlength{\headheight}{14.49998pt}.
(fancyhdr)                You might also make \topmargin smaller:
(fancyhdr)                \addtolength{\topmargin}{-2.49998pt}.

File: investigacion2.pdf Graphic file (type pdf)
<use investigacion2.pdf, page 11>
Package pdftex.def Info: investigacion2.pdf , page11 used on input line 997.
(pdftex.def)             Requested size: 614.58406pt x 795.3441pt.
[64

 <./investigacion2.pdf>]
<investigacion2.pdf, id=698, page=12, 614.295pt x 794.97pt>
File: investigacion2.pdf Graphic file (type pdf)
<use investigacion2.pdf, page 12>
Package pdftex.def Info: investigacion2.pdf , page12 used on input line 997.
(pdftex.def)             Requested size: 614.58406pt x 795.3441pt.
File: investigacion2.pdf Graphic file (type pdf)
<use investigacion2.pdf, page 12>
Package pdftex.def Info: investigacion2.pdf , page12 used on input line 997.
(pdftex.def)             Requested size: 614.58406pt x 795.3441pt.


Package fancyhdr Warning: \headheight is too small (12.0pt): 
(fancyhdr)                Make it at least 14.49998pt, for example:
(fancyhdr)                \setlength{\headheight}{14.49998pt}.
(fancyhdr)                You might also make \topmargin smaller:
(fancyhdr)                \addtolength{\topmargin}{-2.49998pt}.

File: investigacion2.pdf Graphic file (type pdf)
<use investigacion2.pdf, page 12>
Package pdftex.def Info: investigacion2.pdf , page12 used on input line 997.
(pdftex.def)             Requested size: 614.58406pt x 795.3441pt.
[65

 <./investigacion2.pdf>]
<investigacion2.pdf, id=704, page=13, 614.295pt x 794.97pt>
File: investigacion2.pdf Graphic file (type pdf)
<use investigacion2.pdf, page 13>
Package pdftex.def Info: investigacion2.pdf , page13 used on input line 997.
(pdftex.def)             Requested size: 614.58406pt x 795.3441pt.
File: investigacion2.pdf Graphic file (type pdf)
<use investigacion2.pdf, page 13>
Package pdftex.def Info: investigacion2.pdf , page13 used on input line 997.
(pdftex.def)             Requested size: 614.58406pt x 795.3441pt.


Package fancyhdr Warning: \headheight is too small (12.0pt): 
(fancyhdr)                Make it at least 14.49998pt, for example:
(fancyhdr)                \setlength{\headheight}{14.49998pt}.
(fancyhdr)                You might also make \topmargin smaller:
(fancyhdr)                \addtolength{\topmargin}{-2.49998pt}.

File: investigacion2.pdf Graphic file (type pdf)
<use investigacion2.pdf, page 13>
Package pdftex.def Info: investigacion2.pdf , page13 used on input line 997.
(pdftex.def)             Requested size: 614.58406pt x 795.3441pt.
[66

 <./investigacion2.pdf>]
<investigacion2.pdf, id=709, page=14, 614.295pt x 794.97pt>
File: investigacion2.pdf Graphic file (type pdf)
<use investigacion2.pdf, page 14>
Package pdftex.def Info: investigacion2.pdf , page14 used on input line 997.
(pdftex.def)             Requested size: 614.58406pt x 795.3441pt.
File: investigacion2.pdf Graphic file (type pdf)
<use investigacion2.pdf, page 14>
Package pdftex.def Info: investigacion2.pdf , page14 used on input line 997.
(pdftex.def)             Requested size: 614.58406pt x 795.3441pt.


Package fancyhdr Warning: \headheight is too small (12.0pt): 
(fancyhdr)                Make it at least 14.49998pt, for example:
(fancyhdr)                \setlength{\headheight}{14.49998pt}.
(fancyhdr)                You might also make \topmargin smaller:
(fancyhdr)                \addtolength{\topmargin}{-2.49998pt}.

File: investigacion2.pdf Graphic file (type pdf)
<use investigacion2.pdf, page 14>
Package pdftex.def Info: investigacion2.pdf , page14 used on input line 997.
(pdftex.def)             Requested size: 614.58406pt x 795.3441pt.
[67

 <./investigacion2.pdf>]
<investigacion2.pdf, id=714, page=15, 614.295pt x 794.97pt>
File: investigacion2.pdf Graphic file (type pdf)
<use investigacion2.pdf, page 15>
Package pdftex.def Info: investigacion2.pdf , page15 used on input line 997.
(pdftex.def)             Requested size: 614.58406pt x 795.3441pt.
File: investigacion2.pdf Graphic file (type pdf)
<use investigacion2.pdf, page 15>
Package pdftex.def Info: investigacion2.pdf , page15 used on input line 997.
(pdftex.def)             Requested size: 614.58406pt x 795.3441pt.


Package fancyhdr Warning: \headheight is too small (12.0pt): 
(fancyhdr)                Make it at least 14.49998pt, for example:
(fancyhdr)                \setlength{\headheight}{14.49998pt}.
(fancyhdr)                You might also make \topmargin smaller:
(fancyhdr)                \addtolength{\topmargin}{-2.49998pt}.

File: investigacion2.pdf Graphic file (type pdf)
<use investigacion2.pdf, page 15>
Package pdftex.def Info: investigacion2.pdf , page15 used on input line 997.
(pdftex.def)             Requested size: 614.58406pt x 795.3441pt.
[68

 <./investigacion2.pdf>]
<investigacion2.pdf, id=719, page=16, 614.295pt x 794.97pt>
File: investigacion2.pdf Graphic file (type pdf)
<use investigacion2.pdf, page 16>
Package pdftex.def Info: investigacion2.pdf , page16 used on input line 997.
(pdftex.def)             Requested size: 614.58406pt x 795.3441pt.
File: investigacion2.pdf Graphic file (type pdf)
<use investigacion2.pdf, page 16>
Package pdftex.def Info: investigacion2.pdf , page16 used on input line 997.
(pdftex.def)             Requested size: 614.58406pt x 795.3441pt.


Package fancyhdr Warning: \headheight is too small (12.0pt): 
(fancyhdr)                Make it at least 14.49998pt, for example:
(fancyhdr)                \setlength{\headheight}{14.49998pt}.
(fancyhdr)                You might also make \topmargin smaller:
(fancyhdr)                \addtolength{\topmargin}{-2.49998pt}.

File: investigacion2.pdf Graphic file (type pdf)
<use investigacion2.pdf, page 16>
Package pdftex.def Info: investigacion2.pdf , page16 used on input line 997.
(pdftex.def)             Requested size: 614.58406pt x 795.3441pt.
[69

 <./investigacion2.pdf>]
<investigacion2.pdf, id=724, page=17, 614.295pt x 794.97pt>
File: investigacion2.pdf Graphic file (type pdf)
<use investigacion2.pdf, page 17>
Package pdftex.def Info: investigacion2.pdf , page17 used on input line 997.
(pdftex.def)             Requested size: 614.58406pt x 795.3441pt.
File: investigacion2.pdf Graphic file (type pdf)
<use investigacion2.pdf, page 17>
Package pdftex.def Info: investigacion2.pdf , page17 used on input line 997.
(pdftex.def)             Requested size: 614.58406pt x 795.3441pt.


Package fancyhdr Warning: \headheight is too small (12.0pt): 
(fancyhdr)                Make it at least 14.49998pt, for example:
(fancyhdr)                \setlength{\headheight}{14.49998pt}.
(fancyhdr)                You might also make \topmargin smaller:
(fancyhdr)                \addtolength{\topmargin}{-2.49998pt}.

File: investigacion2.pdf Graphic file (type pdf)
<use investigacion2.pdf, page 17>
Package pdftex.def Info: investigacion2.pdf , page17 used on input line 997.
(pdftex.def)             Requested size: 614.58406pt x 795.3441pt.
[70

 <./investigacion2.pdf>]
<investigacion2.pdf, id=729, page=18, 614.295pt x 794.97pt>
File: investigacion2.pdf Graphic file (type pdf)
<use investigacion2.pdf, page 18>
Package pdftex.def Info: investigacion2.pdf , page18 used on input line 997.
(pdftex.def)             Requested size: 614.58406pt x 795.3441pt.
File: investigacion2.pdf Graphic file (type pdf)
<use investigacion2.pdf, page 18>
Package pdftex.def Info: investigacion2.pdf , page18 used on input line 997.
(pdftex.def)             Requested size: 614.58406pt x 795.3441pt.


Package fancyhdr Warning: \headheight is too small (12.0pt): 
(fancyhdr)                Make it at least 14.49998pt, for example:
(fancyhdr)                \setlength{\headheight}{14.49998pt}.
(fancyhdr)                You might also make \topmargin smaller:
(fancyhdr)                \addtolength{\topmargin}{-2.49998pt}.

File: investigacion2.pdf Graphic file (type pdf)
<use investigacion2.pdf, page 18>
Package pdftex.def Info: investigacion2.pdf , page18 used on input line 997.
(pdftex.def)             Requested size: 614.58406pt x 795.3441pt.
[71

 <./investigacion2.pdf>]
<investigacion2.pdf, id=735, page=19, 614.295pt x 794.97pt>
File: investigacion2.pdf Graphic file (type pdf)
<use investigacion2.pdf, page 19>
Package pdftex.def Info: investigacion2.pdf , page19 used on input line 997.
(pdftex.def)             Requested size: 614.58406pt x 795.3441pt.
File: investigacion2.pdf Graphic file (type pdf)
<use investigacion2.pdf, page 19>
Package pdftex.def Info: investigacion2.pdf , page19 used on input line 997.
(pdftex.def)             Requested size: 614.58406pt x 795.3441pt.


Package fancyhdr Warning: \headheight is too small (12.0pt): 
(fancyhdr)                Make it at least 14.49998pt, for example:
(fancyhdr)                \setlength{\headheight}{14.49998pt}.
(fancyhdr)                You might also make \topmargin smaller:
(fancyhdr)                \addtolength{\topmargin}{-2.49998pt}.

File: investigacion2.pdf Graphic file (type pdf)
<use investigacion2.pdf, page 19>
Package pdftex.def Info: investigacion2.pdf , page19 used on input line 997.
(pdftex.def)             Requested size: 614.58406pt x 795.3441pt.
[72

 <./investigacion2.pdf>]
<investigacion2.pdf, id=747, page=20, 614.295pt x 794.97pt>
File: investigacion2.pdf Graphic file (type pdf)
<use investigacion2.pdf, page 20>
Package pdftex.def Info: investigacion2.pdf , page20 used on input line 997.
(pdftex.def)             Requested size: 614.58406pt x 795.3441pt.
File: investigacion2.pdf Graphic file (type pdf)
<use investigacion2.pdf, page 20>
Package pdftex.def Info: investigacion2.pdf , page20 used on input line 997.
(pdftex.def)             Requested size: 614.58406pt x 795.3441pt.


Package fancyhdr Warning: \headheight is too small (12.0pt): 
(fancyhdr)                Make it at least 14.49998pt, for example:
(fancyhdr)                \setlength{\headheight}{14.49998pt}.
(fancyhdr)                You might also make \topmargin smaller:
(fancyhdr)                \addtolength{\topmargin}{-2.49998pt}.

File: investigacion2.pdf Graphic file (type pdf)
<use investigacion2.pdf, page 20>
Package pdftex.def Info: investigacion2.pdf , page20 used on input line 997.
(pdftex.def)             Requested size: 614.58406pt x 795.3441pt.
[73

 <./investigacion2.pdf>]
<investigacion2.pdf, id=752, page=21, 614.295pt x 794.97pt>
File: investigacion2.pdf Graphic file (type pdf)
<use investigacion2.pdf, page 21>
Package pdftex.def Info: investigacion2.pdf , page21 used on input line 997.
(pdftex.def)             Requested size: 614.58406pt x 795.3441pt.
File: investigacion2.pdf Graphic file (type pdf)
<use investigacion2.pdf, page 21>
Package pdftex.def Info: investigacion2.pdf , page21 used on input line 997.
(pdftex.def)             Requested size: 614.58406pt x 795.3441pt.


Package fancyhdr Warning: \headheight is too small (12.0pt): 
(fancyhdr)                Make it at least 14.49998pt, for example:
(fancyhdr)                \setlength{\headheight}{14.49998pt}.
(fancyhdr)                You might also make \topmargin smaller:
(fancyhdr)                \addtolength{\topmargin}{-2.49998pt}.

File: investigacion2.pdf Graphic file (type pdf)
<use investigacion2.pdf, page 21>
Package pdftex.def Info: investigacion2.pdf , page21 used on input line 997.
(pdftex.def)             Requested size: 614.58406pt x 795.3441pt.
[74

 <./investigacion2.pdf>]
<investigacion2.pdf, id=757, page=22, 614.295pt x 794.97pt>
File: investigacion2.pdf Graphic file (type pdf)
<use investigacion2.pdf, page 22>
Package pdftex.def Info: investigacion2.pdf , page22 used on input line 997.
(pdftex.def)             Requested size: 614.58406pt x 795.3441pt.
File: investigacion2.pdf Graphic file (type pdf)
<use investigacion2.pdf, page 22>
Package pdftex.def Info: investigacion2.pdf , page22 used on input line 997.
(pdftex.def)             Requested size: 614.58406pt x 795.3441pt.


Package fancyhdr Warning: \headheight is too small (12.0pt): 
(fancyhdr)                Make it at least 14.49998pt, for example:
(fancyhdr)                \setlength{\headheight}{14.49998pt}.
(fancyhdr)                You might also make \topmargin smaller:
(fancyhdr)                \addtolength{\topmargin}{-2.49998pt}.

File: investigacion2.pdf Graphic file (type pdf)
<use investigacion2.pdf, page 22>
Package pdftex.def Info: investigacion2.pdf , page22 used on input line 997.
(pdftex.def)             Requested size: 614.58406pt x 795.3441pt.
[75

 <./investigacion2.pdf>]
<investigacion2.pdf, id=762, page=23, 614.295pt x 794.97pt>
File: investigacion2.pdf Graphic file (type pdf)
<use investigacion2.pdf, page 23>
Package pdftex.def Info: investigacion2.pdf , page23 used on input line 997.
(pdftex.def)             Requested size: 614.58406pt x 795.3441pt.
File: investigacion2.pdf Graphic file (type pdf)
<use investigacion2.pdf, page 23>
Package pdftex.def Info: investigacion2.pdf , page23 used on input line 997.
(pdftex.def)             Requested size: 614.58406pt x 795.3441pt.


Package fancyhdr Warning: \headheight is too small (12.0pt): 
(fancyhdr)                Make it at least 14.49998pt, for example:
(fancyhdr)                \setlength{\headheight}{14.49998pt}.
(fancyhdr)                You might also make \topmargin smaller:
(fancyhdr)                \addtolength{\topmargin}{-2.49998pt}.

File: investigacion2.pdf Graphic file (type pdf)
<use investigacion2.pdf, page 23>
Package pdftex.def Info: investigacion2.pdf , page23 used on input line 997.
(pdftex.def)             Requested size: 614.58406pt x 795.3441pt.
[76

 <./investigacion2.pdf>]
<investigacion2.pdf, id=767, page=24, 614.295pt x 794.97pt>
File: investigacion2.pdf Graphic file (type pdf)
<use investigacion2.pdf, page 24>
Package pdftex.def Info: investigacion2.pdf , page24 used on input line 997.
(pdftex.def)             Requested size: 614.58406pt x 795.3441pt.
File: investigacion2.pdf Graphic file (type pdf)
<use investigacion2.pdf, page 24>
Package pdftex.def Info: investigacion2.pdf , page24 used on input line 997.
(pdftex.def)             Requested size: 614.58406pt x 795.3441pt.


Package fancyhdr Warning: \headheight is too small (12.0pt): 
(fancyhdr)                Make it at least 14.49998pt, for example:
(fancyhdr)                \setlength{\headheight}{14.49998pt}.
(fancyhdr)                You might also make \topmargin smaller:
(fancyhdr)                \addtolength{\topmargin}{-2.49998pt}.

File: investigacion2.pdf Graphic file (type pdf)
<use investigacion2.pdf, page 24>
Package pdftex.def Info: investigacion2.pdf , page24 used on input line 997.
(pdftex.def)             Requested size: 614.58406pt x 795.3441pt.
[77

 <./investigacion2.pdf>]
<investigacion2.pdf, id=773, page=25, 614.295pt x 794.97pt>
File: investigacion2.pdf Graphic file (type pdf)
<use investigacion2.pdf, page 25>
Package pdftex.def Info: investigacion2.pdf , page25 used on input line 997.
(pdftex.def)             Requested size: 614.58406pt x 795.3441pt.
File: investigacion2.pdf Graphic file (type pdf)
<use investigacion2.pdf, page 25>
Package pdftex.def Info: investigacion2.pdf , page25 used on input line 997.
(pdftex.def)             Requested size: 614.58406pt x 795.3441pt.


Package fancyhdr Warning: \headheight is too small (12.0pt): 
(fancyhdr)                Make it at least 14.49998pt, for example:
(fancyhdr)                \setlength{\headheight}{14.49998pt}.
(fancyhdr)                You might also make \topmargin smaller:
(fancyhdr)                \addtolength{\topmargin}{-2.49998pt}.

File: investigacion2.pdf Graphic file (type pdf)
<use investigacion2.pdf, page 25>
Package pdftex.def Info: investigacion2.pdf , page25 used on input line 997.
(pdftex.def)             Requested size: 614.58406pt x 795.3441pt.
[78

 <./investigacion2.pdf>]
<investigacion2.pdf, id=778, page=26, 614.295pt x 794.97pt>
File: investigacion2.pdf Graphic file (type pdf)
<use investigacion2.pdf, page 26>
Package pdftex.def Info: investigacion2.pdf , page26 used on input line 997.
(pdftex.def)             Requested size: 614.58406pt x 795.3441pt.
File: investigacion2.pdf Graphic file (type pdf)
<use investigacion2.pdf, page 26>
Package pdftex.def Info: investigacion2.pdf , page26 used on input line 997.
(pdftex.def)             Requested size: 614.58406pt x 795.3441pt.


Package fancyhdr Warning: \headheight is too small (12.0pt): 
(fancyhdr)                Make it at least 14.49998pt, for example:
(fancyhdr)                \setlength{\headheight}{14.49998pt}.
(fancyhdr)                You might also make \topmargin smaller:
(fancyhdr)                \addtolength{\topmargin}{-2.49998pt}.

File: investigacion2.pdf Graphic file (type pdf)
<use investigacion2.pdf, page 26>
Package pdftex.def Info: investigacion2.pdf , page26 used on input line 997.
(pdftex.def)             Requested size: 614.58406pt x 795.3441pt.
[79

 <./investigacion2.pdf>]
<investigacion2.pdf, id=783, page=27, 614.295pt x 794.97pt>
File: investigacion2.pdf Graphic file (type pdf)
<use investigacion2.pdf, page 27>
Package pdftex.def Info: investigacion2.pdf , page27 used on input line 997.
(pdftex.def)             Requested size: 614.58406pt x 795.3441pt.
File: investigacion2.pdf Graphic file (type pdf)
<use investigacion2.pdf, page 27>
Package pdftex.def Info: investigacion2.pdf , page27 used on input line 997.
(pdftex.def)             Requested size: 614.58406pt x 795.3441pt.


Package fancyhdr Warning: \headheight is too small (12.0pt): 
(fancyhdr)                Make it at least 14.49998pt, for example:
(fancyhdr)                \setlength{\headheight}{14.49998pt}.
(fancyhdr)                You might also make \topmargin smaller:
(fancyhdr)                \addtolength{\topmargin}{-2.49998pt}.

File: investigacion2.pdf Graphic file (type pdf)
<use investigacion2.pdf, page 27>
Package pdftex.def Info: investigacion2.pdf , page27 used on input line 997.
(pdftex.def)             Requested size: 614.58406pt x 795.3441pt.
[80

 <./investigacion2.pdf>]
<investigacion2.pdf, id=794, page=28, 614.295pt x 794.97pt>
File: investigacion2.pdf Graphic file (type pdf)
<use investigacion2.pdf, page 28>
Package pdftex.def Info: investigacion2.pdf , page28 used on input line 997.
(pdftex.def)             Requested size: 614.58406pt x 795.3441pt.
File: investigacion2.pdf Graphic file (type pdf)
<use investigacion2.pdf, page 28>
Package pdftex.def Info: investigacion2.pdf , page28 used on input line 997.
(pdftex.def)             Requested size: 614.58406pt x 795.3441pt.


Package fancyhdr Warning: \headheight is too small (12.0pt): 
(fancyhdr)                Make it at least 14.49998pt, for example:
(fancyhdr)                \setlength{\headheight}{14.49998pt}.
(fancyhdr)                You might also make \topmargin smaller:
(fancyhdr)                \addtolength{\topmargin}{-2.49998pt}.

File: investigacion2.pdf Graphic file (type pdf)
<use investigacion2.pdf, page 28>
Package pdftex.def Info: investigacion2.pdf , page28 used on input line 997.
(pdftex.def)             Requested size: 614.58406pt x 795.3441pt.
[81

 <./investigacion2.pdf>]
<investigacion2.pdf, id=799, page=29, 614.295pt x 794.97pt>
File: investigacion2.pdf Graphic file (type pdf)
<use investigacion2.pdf, page 29>
Package pdftex.def Info: investigacion2.pdf , page29 used on input line 997.
(pdftex.def)             Requested size: 614.58406pt x 795.3441pt.
File: investigacion2.pdf Graphic file (type pdf)
<use investigacion2.pdf, page 29>
Package pdftex.def Info: investigacion2.pdf , page29 used on input line 997.
(pdftex.def)             Requested size: 614.58406pt x 795.3441pt.


Package fancyhdr Warning: \headheight is too small (12.0pt): 
(fancyhdr)                Make it at least 14.49998pt, for example:
(fancyhdr)                \setlength{\headheight}{14.49998pt}.
(fancyhdr)                You might also make \topmargin smaller:
(fancyhdr)                \addtolength{\topmargin}{-2.49998pt}.

File: investigacion2.pdf Graphic file (type pdf)
<use investigacion2.pdf, page 29>
Package pdftex.def Info: investigacion2.pdf , page29 used on input line 997.
(pdftex.def)             Requested size: 614.58406pt x 795.3441pt.
[82

 <./investigacion2.pdf>]
<investigacion2.pdf, id=804, page=30, 614.295pt x 794.97pt>
File: investigacion2.pdf Graphic file (type pdf)
<use investigacion2.pdf, page 30>
Package pdftex.def Info: investigacion2.pdf , page30 used on input line 997.
(pdftex.def)             Requested size: 614.58406pt x 795.3441pt.
File: investigacion2.pdf Graphic file (type pdf)
<use investigacion2.pdf, page 30>
Package pdftex.def Info: investigacion2.pdf , page30 used on input line 997.
(pdftex.def)             Requested size: 614.58406pt x 795.3441pt.


Package fancyhdr Warning: \headheight is too small (12.0pt): 
(fancyhdr)                Make it at least 14.49998pt, for example:
(fancyhdr)                \setlength{\headheight}{14.49998pt}.
(fancyhdr)                You might also make \topmargin smaller:
(fancyhdr)                \addtolength{\topmargin}{-2.49998pt}.

File: investigacion2.pdf Graphic file (type pdf)
<use investigacion2.pdf, page 30>
Package pdftex.def Info: investigacion2.pdf , page30 used on input line 997.
(pdftex.def)             Requested size: 614.58406pt x 795.3441pt.
[83

 <./investigacion2.pdf>]
<investigacion2.pdf, id=810, page=31, 614.295pt x 794.97pt>
File: investigacion2.pdf Graphic file (type pdf)
<use investigacion2.pdf, page 31>
Package pdftex.def Info: investigacion2.pdf , page31 used on input line 997.
(pdftex.def)             Requested size: 614.58406pt x 795.3441pt.
File: investigacion2.pdf Graphic file (type pdf)
<use investigacion2.pdf, page 31>
Package pdftex.def Info: investigacion2.pdf , page31 used on input line 997.
(pdftex.def)             Requested size: 614.58406pt x 795.3441pt.


Package fancyhdr Warning: \headheight is too small (12.0pt): 
(fancyhdr)                Make it at least 14.49998pt, for example:
(fancyhdr)                \setlength{\headheight}{14.49998pt}.
(fancyhdr)                You might also make \topmargin smaller:
(fancyhdr)                \addtolength{\topmargin}{-2.49998pt}.

File: investigacion2.pdf Graphic file (type pdf)
<use investigacion2.pdf, page 31>
Package pdftex.def Info: investigacion2.pdf , page31 used on input line 997.
(pdftex.def)             Requested size: 614.58406pt x 795.3441pt.
[84

 <./investigacion2.pdf>]
<investigacion2.pdf, id=815, page=32, 614.295pt x 794.97pt>
File: investigacion2.pdf Graphic file (type pdf)
<use investigacion2.pdf, page 32>
Package pdftex.def Info: investigacion2.pdf , page32 used on input line 997.
(pdftex.def)             Requested size: 614.58406pt x 795.3441pt.
File: investigacion2.pdf Graphic file (type pdf)
<use investigacion2.pdf, page 32>
Package pdftex.def Info: investigacion2.pdf , page32 used on input line 997.
(pdftex.def)             Requested size: 614.58406pt x 795.3441pt.


Package fancyhdr Warning: \headheight is too small (12.0pt): 
(fancyhdr)                Make it at least 14.49998pt, for example:
(fancyhdr)                \setlength{\headheight}{14.49998pt}.
(fancyhdr)                You might also make \topmargin smaller:
(fancyhdr)                \addtolength{\topmargin}{-2.49998pt}.

File: investigacion2.pdf Graphic file (type pdf)
<use investigacion2.pdf, page 32>
Package pdftex.def Info: investigacion2.pdf , page32 used on input line 997.
(pdftex.def)             Requested size: 614.58406pt x 795.3441pt.
[85

 <./investigacion2.pdf>]
<investigacion2.pdf, id=820, page=33, 614.295pt x 794.97pt>
File: investigacion2.pdf Graphic file (type pdf)
<use investigacion2.pdf, page 33>
Package pdftex.def Info: investigacion2.pdf , page33 used on input line 997.
(pdftex.def)             Requested size: 614.58406pt x 795.3441pt.
File: investigacion2.pdf Graphic file (type pdf)
<use investigacion2.pdf, page 33>
Package pdftex.def Info: investigacion2.pdf , page33 used on input line 997.
(pdftex.def)             Requested size: 614.58406pt x 795.3441pt.


Package fancyhdr Warning: \headheight is too small (12.0pt): 
(fancyhdr)                Make it at least 14.49998pt, for example:
(fancyhdr)                \setlength{\headheight}{14.49998pt}.
(fancyhdr)                You might also make \topmargin smaller:
(fancyhdr)                \addtolength{\topmargin}{-2.49998pt}.

File: investigacion2.pdf Graphic file (type pdf)
<use investigacion2.pdf, page 33>
Package pdftex.def Info: investigacion2.pdf , page33 used on input line 997.
(pdftex.def)             Requested size: 614.58406pt x 795.3441pt.
[86

 <./investigacion2.pdf>]
<investigacion2.pdf, id=825, page=34, 614.295pt x 794.97pt>
File: investigacion2.pdf Graphic file (type pdf)
<use investigacion2.pdf, page 34>
Package pdftex.def Info: investigacion2.pdf , page34 used on input line 997.
(pdftex.def)             Requested size: 614.58406pt x 795.3441pt.
File: investigacion2.pdf Graphic file (type pdf)
<use investigacion2.pdf, page 34>
Package pdftex.def Info: investigacion2.pdf , page34 used on input line 997.
(pdftex.def)             Requested size: 614.58406pt x 795.3441pt.


Package fancyhdr Warning: \headheight is too small (12.0pt): 
(fancyhdr)                Make it at least 14.49998pt, for example:
(fancyhdr)                \setlength{\headheight}{14.49998pt}.
(fancyhdr)                You might also make \topmargin smaller:
(fancyhdr)                \addtolength{\topmargin}{-2.49998pt}.

File: investigacion2.pdf Graphic file (type pdf)
<use investigacion2.pdf, page 34>
Package pdftex.def Info: investigacion2.pdf , page34 used on input line 997.
(pdftex.def)             Requested size: 614.58406pt x 795.3441pt.
[87

 <./investigacion2.pdf>]
<investigacion2.pdf, id=830, page=35, 614.295pt x 794.97pt>
File: investigacion2.pdf Graphic file (type pdf)
<use investigacion2.pdf, page 35>
Package pdftex.def Info: investigacion2.pdf , page35 used on input line 997.
(pdftex.def)             Requested size: 614.58406pt x 795.3441pt.
File: investigacion2.pdf Graphic file (type pdf)
<use investigacion2.pdf, page 35>
Package pdftex.def Info: investigacion2.pdf , page35 used on input line 997.
(pdftex.def)             Requested size: 614.58406pt x 795.3441pt.


Package fancyhdr Warning: \headheight is too small (12.0pt): 
(fancyhdr)                Make it at least 14.49998pt, for example:
(fancyhdr)                \setlength{\headheight}{14.49998pt}.
(fancyhdr)                You might also make \topmargin smaller:
(fancyhdr)                \addtolength{\topmargin}{-2.49998pt}.

File: investigacion2.pdf Graphic file (type pdf)
<use investigacion2.pdf, page 35>
Package pdftex.def Info: investigacion2.pdf , page35 used on input line 997.
(pdftex.def)             Requested size: 614.58406pt x 795.3441pt.
[88

 <./investigacion2.pdf>]
<investigacion2.pdf, id=835, page=36, 614.295pt x 794.97pt>
File: investigacion2.pdf Graphic file (type pdf)
<use investigacion2.pdf, page 36>
Package pdftex.def Info: investigacion2.pdf , page36 used on input line 997.
(pdftex.def)             Requested size: 614.58406pt x 795.3441pt.
File: investigacion2.pdf Graphic file (type pdf)
<use investigacion2.pdf, page 36>
Package pdftex.def Info: investigacion2.pdf , page36 used on input line 997.
(pdftex.def)             Requested size: 614.58406pt x 795.3441pt.


Package fancyhdr Warning: \headheight is too small (12.0pt): 
(fancyhdr)                Make it at least 14.49998pt, for example:
(fancyhdr)                \setlength{\headheight}{14.49998pt}.
(fancyhdr)                You might also make \topmargin smaller:
(fancyhdr)                \addtolength{\topmargin}{-2.49998pt}.

File: investigacion2.pdf Graphic file (type pdf)
<use investigacion2.pdf, page 36>
Package pdftex.def Info: investigacion2.pdf , page36 used on input line 997.
(pdftex.def)             Requested size: 614.58406pt x 795.3441pt.
[89

 <./investigacion2.pdf>]
<investigacion2.pdf, id=841, page=37, 614.295pt x 794.97pt>
File: investigacion2.pdf Graphic file (type pdf)
<use investigacion2.pdf, page 37>
Package pdftex.def Info: investigacion2.pdf , page37 used on input line 997.
(pdftex.def)             Requested size: 614.58406pt x 795.3441pt.
File: investigacion2.pdf Graphic file (type pdf)
<use investigacion2.pdf, page 37>
Package pdftex.def Info: investigacion2.pdf , page37 used on input line 997.
(pdftex.def)             Requested size: 614.58406pt x 795.3441pt.


Package fancyhdr Warning: \headheight is too small (12.0pt): 
(fancyhdr)                Make it at least 14.49998pt, for example:
(fancyhdr)                \setlength{\headheight}{14.49998pt}.
(fancyhdr)                You might also make \topmargin smaller:
(fancyhdr)                \addtolength{\topmargin}{-2.49998pt}.

File: investigacion2.pdf Graphic file (type pdf)
<use investigacion2.pdf, page 37>
Package pdftex.def Info: investigacion2.pdf , page37 used on input line 997.
(pdftex.def)             Requested size: 614.58406pt x 795.3441pt.
[90

 <./investigacion2.pdf>]
<investigacion2.pdf, id=846, page=38, 614.295pt x 794.97pt>
File: investigacion2.pdf Graphic file (type pdf)
<use investigacion2.pdf, page 38>
Package pdftex.def Info: investigacion2.pdf , page38 used on input line 997.
(pdftex.def)             Requested size: 614.58406pt x 795.3441pt.
File: investigacion2.pdf Graphic file (type pdf)
<use investigacion2.pdf, page 38>
Package pdftex.def Info: investigacion2.pdf , page38 used on input line 997.
(pdftex.def)             Requested size: 614.58406pt x 795.3441pt.


Package fancyhdr Warning: \headheight is too small (12.0pt): 
(fancyhdr)                Make it at least 14.49998pt, for example:
(fancyhdr)                \setlength{\headheight}{14.49998pt}.
(fancyhdr)                You might also make \topmargin smaller:
(fancyhdr)                \addtolength{\topmargin}{-2.49998pt}.

File: investigacion2.pdf Graphic file (type pdf)
<use investigacion2.pdf, page 38>
Package pdftex.def Info: investigacion2.pdf , page38 used on input line 997.
(pdftex.def)             Requested size: 614.58406pt x 795.3441pt.
[91

 <./investigacion2.pdf>]
<investigacion2.pdf, id=851, page=39, 614.295pt x 794.97pt>
File: investigacion2.pdf Graphic file (type pdf)
<use investigacion2.pdf, page 39>
Package pdftex.def Info: investigacion2.pdf , page39 used on input line 997.
(pdftex.def)             Requested size: 614.58406pt x 795.3441pt.
File: investigacion2.pdf Graphic file (type pdf)
<use investigacion2.pdf, page 39>
Package pdftex.def Info: investigacion2.pdf , page39 used on input line 997.
(pdftex.def)             Requested size: 614.58406pt x 795.3441pt.


Package fancyhdr Warning: \headheight is too small (12.0pt): 
(fancyhdr)                Make it at least 14.49998pt, for example:
(fancyhdr)                \setlength{\headheight}{14.49998pt}.
(fancyhdr)                You might also make \topmargin smaller:
(fancyhdr)                \addtolength{\topmargin}{-2.49998pt}.

File: investigacion2.pdf Graphic file (type pdf)
<use investigacion2.pdf, page 39>
Package pdftex.def Info: investigacion2.pdf , page39 used on input line 997.
(pdftex.def)             Requested size: 614.58406pt x 795.3441pt.
[92

 <./investigacion2.pdf>]
<investigacion2.pdf, id=856, page=40, 614.295pt x 794.97pt>
File: investigacion2.pdf Graphic file (type pdf)
<use investigacion2.pdf, page 40>
Package pdftex.def Info: investigacion2.pdf , page40 used on input line 997.
(pdftex.def)             Requested size: 614.58406pt x 795.3441pt.
File: investigacion2.pdf Graphic file (type pdf)
<use investigacion2.pdf, page 40>
Package pdftex.def Info: investigacion2.pdf , page40 used on input line 997.
(pdftex.def)             Requested size: 614.58406pt x 795.3441pt.


Package fancyhdr Warning: \headheight is too small (12.0pt): 
(fancyhdr)                Make it at least 14.49998pt, for example:
(fancyhdr)                \setlength{\headheight}{14.49998pt}.
(fancyhdr)                You might also make \topmargin smaller:
(fancyhdr)                \addtolength{\topmargin}{-2.49998pt}.

File: investigacion2.pdf Graphic file (type pdf)
<use investigacion2.pdf, page 40>
Package pdftex.def Info: investigacion2.pdf , page40 used on input line 997.
(pdftex.def)             Requested size: 614.58406pt x 795.3441pt.
[93

 <./investigacion2.pdf>]
<investigacion2.pdf, id=861, page=41, 614.295pt x 794.97pt>
File: investigacion2.pdf Graphic file (type pdf)
<use investigacion2.pdf, page 41>
Package pdftex.def Info: investigacion2.pdf , page41 used on input line 997.
(pdftex.def)             Requested size: 614.58406pt x 795.3441pt.
File: investigacion2.pdf Graphic file (type pdf)
<use investigacion2.pdf, page 41>
Package pdftex.def Info: investigacion2.pdf , page41 used on input line 997.
(pdftex.def)             Requested size: 614.58406pt x 795.3441pt.


Package fancyhdr Warning: \headheight is too small (12.0pt): 
(fancyhdr)                Make it at least 14.49998pt, for example:
(fancyhdr)                \setlength{\headheight}{14.49998pt}.
(fancyhdr)                You might also make \topmargin smaller:
(fancyhdr)                \addtolength{\topmargin}{-2.49998pt}.

File: investigacion2.pdf Graphic file (type pdf)
<use investigacion2.pdf, page 41>
Package pdftex.def Info: investigacion2.pdf , page41 used on input line 997.
(pdftex.def)             Requested size: 614.58406pt x 795.3441pt.
[94

 <./investigacion2.pdf>]
<investigacion2.pdf, id=866, page=42, 614.295pt x 794.97pt>
File: investigacion2.pdf Graphic file (type pdf)
<use investigacion2.pdf, page 42>
Package pdftex.def Info: investigacion2.pdf , page42 used on input line 997.
(pdftex.def)             Requested size: 614.58406pt x 795.3441pt.
File: investigacion2.pdf Graphic file (type pdf)
<use investigacion2.pdf, page 42>
Package pdftex.def Info: investigacion2.pdf , page42 used on input line 997.
(pdftex.def)             Requested size: 614.58406pt x 795.3441pt.


Package fancyhdr Warning: \headheight is too small (12.0pt): 
(fancyhdr)                Make it at least 14.49998pt, for example:
(fancyhdr)                \setlength{\headheight}{14.49998pt}.
(fancyhdr)                You might also make \topmargin smaller:
(fancyhdr)                \addtolength{\topmargin}{-2.49998pt}.

File: investigacion2.pdf Graphic file (type pdf)
<use investigacion2.pdf, page 42>
Package pdftex.def Info: investigacion2.pdf , page42 used on input line 997.
(pdftex.def)             Requested size: 614.58406pt x 795.3441pt.
[95

 <./investigacion2.pdf>]
<investigacion2.pdf, id=872, page=43, 614.295pt x 794.97pt>
File: investigacion2.pdf Graphic file (type pdf)
<use investigacion2.pdf, page 43>
Package pdftex.def Info: investigacion2.pdf , page43 used on input line 997.
(pdftex.def)             Requested size: 614.58406pt x 795.3441pt.
File: investigacion2.pdf Graphic file (type pdf)
<use investigacion2.pdf, page 43>
Package pdftex.def Info: investigacion2.pdf , page43 used on input line 997.
(pdftex.def)             Requested size: 614.58406pt x 795.3441pt.


Package fancyhdr Warning: \headheight is too small (12.0pt): 
(fancyhdr)                Make it at least 14.49998pt, for example:
(fancyhdr)                \setlength{\headheight}{14.49998pt}.
(fancyhdr)                You might also make \topmargin smaller:
(fancyhdr)                \addtolength{\topmargin}{-2.49998pt}.

File: investigacion2.pdf Graphic file (type pdf)
<use investigacion2.pdf, page 43>
Package pdftex.def Info: investigacion2.pdf , page43 used on input line 997.
(pdftex.def)             Requested size: 614.58406pt x 795.3441pt.
[96

 <./investigacion2.pdf>]
<investigacion2.pdf, id=877, page=44, 614.295pt x 794.97pt>
File: investigacion2.pdf Graphic file (type pdf)
<use investigacion2.pdf, page 44>
Package pdftex.def Info: investigacion2.pdf , page44 used on input line 997.
(pdftex.def)             Requested size: 614.58406pt x 795.3441pt.
File: investigacion2.pdf Graphic file (type pdf)
<use investigacion2.pdf, page 44>
Package pdftex.def Info: investigacion2.pdf , page44 used on input line 997.
(pdftex.def)             Requested size: 614.58406pt x 795.3441pt.


Package fancyhdr Warning: \headheight is too small (12.0pt): 
(fancyhdr)                Make it at least 14.49998pt, for example:
(fancyhdr)                \setlength{\headheight}{14.49998pt}.
(fancyhdr)                You might also make \topmargin smaller:
(fancyhdr)                \addtolength{\topmargin}{-2.49998pt}.

File: investigacion2.pdf Graphic file (type pdf)
<use investigacion2.pdf, page 44>
Package pdftex.def Info: investigacion2.pdf , page44 used on input line 997.
(pdftex.def)             Requested size: 614.58406pt x 795.3441pt.
[97

 <./investigacion2.pdf>]
<investigacion2.pdf, id=882, page=45, 614.295pt x 794.97pt>
File: investigacion2.pdf Graphic file (type pdf)
<use investigacion2.pdf, page 45>
Package pdftex.def Info: investigacion2.pdf , page45 used on input line 997.
(pdftex.def)             Requested size: 614.58406pt x 795.3441pt.
File: investigacion2.pdf Graphic file (type pdf)
<use investigacion2.pdf, page 45>
Package pdftex.def Info: investigacion2.pdf , page45 used on input line 997.
(pdftex.def)             Requested size: 614.58406pt x 795.3441pt.


Package fancyhdr Warning: \headheight is too small (12.0pt): 
(fancyhdr)                Make it at least 14.49998pt, for example:
(fancyhdr)                \setlength{\headheight}{14.49998pt}.
(fancyhdr)                You might also make \topmargin smaller:
(fancyhdr)                \addtolength{\topmargin}{-2.49998pt}.

File: investigacion2.pdf Graphic file (type pdf)
<use investigacion2.pdf, page 45>
Package pdftex.def Info: investigacion2.pdf , page45 used on input line 997.
(pdftex.def)             Requested size: 614.58406pt x 795.3441pt.
[98

 <./investigacion2.pdf>]
<investigacion2.pdf, id=887, page=46, 614.295pt x 794.97pt>
File: investigacion2.pdf Graphic file (type pdf)
<use investigacion2.pdf, page 46>
Package pdftex.def Info: investigacion2.pdf , page46 used on input line 997.
(pdftex.def)             Requested size: 614.58406pt x 795.3441pt.
File: investigacion2.pdf Graphic file (type pdf)
<use investigacion2.pdf, page 46>
Package pdftex.def Info: investigacion2.pdf , page46 used on input line 997.
(pdftex.def)             Requested size: 614.58406pt x 795.3441pt.


Package fancyhdr Warning: \headheight is too small (12.0pt): 
(fancyhdr)                Make it at least 14.49998pt, for example:
(fancyhdr)                \setlength{\headheight}{14.49998pt}.
(fancyhdr)                You might also make \topmargin smaller:
(fancyhdr)                \addtolength{\topmargin}{-2.49998pt}.

File: investigacion2.pdf Graphic file (type pdf)
<use investigacion2.pdf, page 46>
Package pdftex.def Info: investigacion2.pdf , page46 used on input line 997.
(pdftex.def)             Requested size: 614.58406pt x 795.3441pt.
[99

 <./investigacion2.pdf>]
<investigacion2.pdf, id=892, page=47, 614.295pt x 794.97pt>
File: investigacion2.pdf Graphic file (type pdf)
<use investigacion2.pdf, page 47>
Package pdftex.def Info: investigacion2.pdf , page47 used on input line 997.
(pdftex.def)             Requested size: 614.58406pt x 795.3441pt.
File: investigacion2.pdf Graphic file (type pdf)
<use investigacion2.pdf, page 47>
Package pdftex.def Info: investigacion2.pdf , page47 used on input line 997.
(pdftex.def)             Requested size: 614.58406pt x 795.3441pt.


Package fancyhdr Warning: \headheight is too small (12.0pt): 
(fancyhdr)                Make it at least 14.49998pt, for example:
(fancyhdr)                \setlength{\headheight}{14.49998pt}.
(fancyhdr)                You might also make \topmargin smaller:
(fancyhdr)                \addtolength{\topmargin}{-2.49998pt}.

File: investigacion2.pdf Graphic file (type pdf)
<use investigacion2.pdf, page 47>
Package pdftex.def Info: investigacion2.pdf , page47 used on input line 997.
(pdftex.def)             Requested size: 614.58406pt x 795.3441pt.
[100

 <./investigacion2.pdf>]
<investigacion2.pdf, id=897, page=48, 614.295pt x 794.97pt>
File: investigacion2.pdf Graphic file (type pdf)
<use investigacion2.pdf, page 48>
Package pdftex.def Info: investigacion2.pdf , page48 used on input line 997.
(pdftex.def)             Requested size: 614.58406pt x 795.3441pt.
File: investigacion2.pdf Graphic file (type pdf)
<use investigacion2.pdf, page 48>
Package pdftex.def Info: investigacion2.pdf , page48 used on input line 997.
(pdftex.def)             Requested size: 614.58406pt x 795.3441pt.


Package fancyhdr Warning: \headheight is too small (12.0pt): 
(fancyhdr)                Make it at least 14.49998pt, for example:
(fancyhdr)                \setlength{\headheight}{14.49998pt}.
(fancyhdr)                You might also make \topmargin smaller:
(fancyhdr)                \addtolength{\topmargin}{-2.49998pt}.

File: investigacion2.pdf Graphic file (type pdf)
<use investigacion2.pdf, page 48>
Package pdftex.def Info: investigacion2.pdf , page48 used on input line 997.
(pdftex.def)             Requested size: 614.58406pt x 795.3441pt.
[101

 <./investigacion2.pdf>]
<investigacion2.pdf, id=903, page=49, 614.295pt x 794.97pt>
File: investigacion2.pdf Graphic file (type pdf)
<use investigacion2.pdf, page 49>
Package pdftex.def Info: investigacion2.pdf , page49 used on input line 997.
(pdftex.def)             Requested size: 614.58406pt x 795.3441pt.
File: investigacion2.pdf Graphic file (type pdf)
<use investigacion2.pdf, page 49>
Package pdftex.def Info: investigacion2.pdf , page49 used on input line 997.
(pdftex.def)             Requested size: 614.58406pt x 795.3441pt.


Package fancyhdr Warning: \headheight is too small (12.0pt): 
(fancyhdr)                Make it at least 14.49998pt, for example:
(fancyhdr)                \setlength{\headheight}{14.49998pt}.
(fancyhdr)                You might also make \topmargin smaller:
(fancyhdr)                \addtolength{\topmargin}{-2.49998pt}.

File: investigacion2.pdf Graphic file (type pdf)
<use investigacion2.pdf, page 49>
Package pdftex.def Info: investigacion2.pdf , page49 used on input line 997.
(pdftex.def)             Requested size: 614.58406pt x 795.3441pt.
[102

 <./investigacion2.pdf>]
<investigacion2.pdf, id=908, page=50, 614.295pt x 794.97pt>
File: investigacion2.pdf Graphic file (type pdf)
<use investigacion2.pdf, page 50>
Package pdftex.def Info: investigacion2.pdf , page50 used on input line 997.
(pdftex.def)             Requested size: 614.58406pt x 795.3441pt.
File: investigacion2.pdf Graphic file (type pdf)
<use investigacion2.pdf, page 50>
Package pdftex.def Info: investigacion2.pdf , page50 used on input line 997.
(pdftex.def)             Requested size: 614.58406pt x 795.3441pt.


Package fancyhdr Warning: \headheight is too small (12.0pt): 
(fancyhdr)                Make it at least 14.49998pt, for example:
(fancyhdr)                \setlength{\headheight}{14.49998pt}.
(fancyhdr)                You might also make \topmargin smaller:
(fancyhdr)                \addtolength{\topmargin}{-2.49998pt}.

File: investigacion2.pdf Graphic file (type pdf)
<use investigacion2.pdf, page 50>
Package pdftex.def Info: investigacion2.pdf , page50 used on input line 997.
(pdftex.def)             Requested size: 614.58406pt x 795.3441pt.
[103

 <./investigacion2.pdf>]
<investigacion2.pdf, id=914, page=51, 614.295pt x 794.97pt>
File: investigacion2.pdf Graphic file (type pdf)
<use investigacion2.pdf, page 51>
Package pdftex.def Info: investigacion2.pdf , page51 used on input line 997.
(pdftex.def)             Requested size: 614.58406pt x 795.3441pt.
File: investigacion2.pdf Graphic file (type pdf)
<use investigacion2.pdf, page 51>
Package pdftex.def Info: investigacion2.pdf , page51 used on input line 997.
(pdftex.def)             Requested size: 614.58406pt x 795.3441pt.


Package fancyhdr Warning: \headheight is too small (12.0pt): 
(fancyhdr)                Make it at least 14.49998pt, for example:
(fancyhdr)                \setlength{\headheight}{14.49998pt}.
(fancyhdr)                You might also make \topmargin smaller:
(fancyhdr)                \addtolength{\topmargin}{-2.49998pt}.

File: investigacion2.pdf Graphic file (type pdf)
<use investigacion2.pdf, page 51>
Package pdftex.def Info: investigacion2.pdf , page51 used on input line 997.
(pdftex.def)             Requested size: 614.58406pt x 795.3441pt.
[104

 <./investigacion2.pdf>]
<investigacion2.pdf, id=919, page=52, 614.295pt x 794.97pt>
File: investigacion2.pdf Graphic file (type pdf)
<use investigacion2.pdf, page 52>
Package pdftex.def Info: investigacion2.pdf , page52 used on input line 997.
(pdftex.def)             Requested size: 614.58406pt x 795.3441pt.
File: investigacion2.pdf Graphic file (type pdf)
<use investigacion2.pdf, page 52>
Package pdftex.def Info: investigacion2.pdf , page52 used on input line 997.
(pdftex.def)             Requested size: 614.58406pt x 795.3441pt.


Package fancyhdr Warning: \headheight is too small (12.0pt): 
(fancyhdr)                Make it at least 14.49998pt, for example:
(fancyhdr)                \setlength{\headheight}{14.49998pt}.
(fancyhdr)                You might also make \topmargin smaller:
(fancyhdr)                \addtolength{\topmargin}{-2.49998pt}.

File: investigacion2.pdf Graphic file (type pdf)
<use investigacion2.pdf, page 52>
Package pdftex.def Info: investigacion2.pdf , page52 used on input line 997.
(pdftex.def)             Requested size: 614.58406pt x 795.3441pt.
[105

 <./investigacion2.pdf>]
<investigacion2.pdf, id=924, page=53, 614.295pt x 794.97pt>
File: investigacion2.pdf Graphic file (type pdf)
<use investigacion2.pdf, page 53>
Package pdftex.def Info: investigacion2.pdf , page53 used on input line 997.
(pdftex.def)             Requested size: 614.58406pt x 795.3441pt.
File: investigacion2.pdf Graphic file (type pdf)
<use investigacion2.pdf, page 53>
Package pdftex.def Info: investigacion2.pdf , page53 used on input line 997.
(pdftex.def)             Requested size: 614.58406pt x 795.3441pt.


Package fancyhdr Warning: \headheight is too small (12.0pt): 
(fancyhdr)                Make it at least 14.49998pt, for example:
(fancyhdr)                \setlength{\headheight}{14.49998pt}.
(fancyhdr)                You might also make \topmargin smaller:
(fancyhdr)                \addtolength{\topmargin}{-2.49998pt}.

File: investigacion2.pdf Graphic file (type pdf)
<use investigacion2.pdf, page 53>
Package pdftex.def Info: investigacion2.pdf , page53 used on input line 997.
(pdftex.def)             Requested size: 614.58406pt x 795.3441pt.
[106

 <./investigacion2.pdf>]
<investigacion2.pdf, id=935, page=54, 614.295pt x 794.97pt>
File: investigacion2.pdf Graphic file (type pdf)
<use investigacion2.pdf, page 54>
Package pdftex.def Info: investigacion2.pdf , page54 used on input line 997.
(pdftex.def)             Requested size: 614.58406pt x 795.3441pt.
File: investigacion2.pdf Graphic file (type pdf)
<use investigacion2.pdf, page 54>
Package pdftex.def Info: investigacion2.pdf , page54 used on input line 997.
(pdftex.def)             Requested size: 614.58406pt x 795.3441pt.


Package fancyhdr Warning: \headheight is too small (12.0pt): 
(fancyhdr)                Make it at least 14.49998pt, for example:
(fancyhdr)                \setlength{\headheight}{14.49998pt}.
(fancyhdr)                You might also make \topmargin smaller:
(fancyhdr)                \addtolength{\topmargin}{-2.49998pt}.

File: investigacion2.pdf Graphic file (type pdf)
<use investigacion2.pdf, page 54>
Package pdftex.def Info: investigacion2.pdf , page54 used on input line 997.
(pdftex.def)             Requested size: 614.58406pt x 795.3441pt.
[107

 <./investigacion2.pdf>]
<investigacion2.pdf, id=941, page=55, 614.295pt x 794.97pt>
File: investigacion2.pdf Graphic file (type pdf)
<use investigacion2.pdf, page 55>
Package pdftex.def Info: investigacion2.pdf , page55 used on input line 997.
(pdftex.def)             Requested size: 614.58406pt x 795.3441pt.
File: investigacion2.pdf Graphic file (type pdf)
<use investigacion2.pdf, page 55>
Package pdftex.def Info: investigacion2.pdf , page55 used on input line 997.
(pdftex.def)             Requested size: 614.58406pt x 795.3441pt.


Package fancyhdr Warning: \headheight is too small (12.0pt): 
(fancyhdr)                Make it at least 14.49998pt, for example:
(fancyhdr)                \setlength{\headheight}{14.49998pt}.
(fancyhdr)                You might also make \topmargin smaller:
(fancyhdr)                \addtolength{\topmargin}{-2.49998pt}.

File: investigacion2.pdf Graphic file (type pdf)
<use investigacion2.pdf, page 55>
Package pdftex.def Info: investigacion2.pdf , page55 used on input line 997.
(pdftex.def)             Requested size: 614.58406pt x 795.3441pt.
[108

 <./investigacion2.pdf>]
<investigacion2.pdf, id=946, page=56, 614.295pt x 794.97pt>
File: investigacion2.pdf Graphic file (type pdf)
<use investigacion2.pdf, page 56>
Package pdftex.def Info: investigacion2.pdf , page56 used on input line 997.
(pdftex.def)             Requested size: 614.58406pt x 795.3441pt.
File: investigacion2.pdf Graphic file (type pdf)
<use investigacion2.pdf, page 56>
Package pdftex.def Info: investigacion2.pdf , page56 used on input line 997.
(pdftex.def)             Requested size: 614.58406pt x 795.3441pt.


Package fancyhdr Warning: \headheight is too small (12.0pt): 
(fancyhdr)                Make it at least 14.49998pt, for example:
(fancyhdr)                \setlength{\headheight}{14.49998pt}.
(fancyhdr)                You might also make \topmargin smaller:
(fancyhdr)                \addtolength{\topmargin}{-2.49998pt}.

File: investigacion2.pdf Graphic file (type pdf)
<use investigacion2.pdf, page 56>
Package pdftex.def Info: investigacion2.pdf , page56 used on input line 997.
(pdftex.def)             Requested size: 614.58406pt x 795.3441pt.
[109

 <./investigacion2.pdf>]
<investigacion2.pdf, id=951, page=57, 614.295pt x 794.97pt>
File: investigacion2.pdf Graphic file (type pdf)
<use investigacion2.pdf, page 57>
Package pdftex.def Info: investigacion2.pdf , page57 used on input line 997.
(pdftex.def)             Requested size: 614.58406pt x 795.3441pt.
File: investigacion2.pdf Graphic file (type pdf)
<use investigacion2.pdf, page 57>
Package pdftex.def Info: investigacion2.pdf , page57 used on input line 997.
(pdftex.def)             Requested size: 614.58406pt x 795.3441pt.


Package fancyhdr Warning: \headheight is too small (12.0pt): 
(fancyhdr)                Make it at least 14.49998pt, for example:
(fancyhdr)                \setlength{\headheight}{14.49998pt}.
(fancyhdr)                You might also make \topmargin smaller:
(fancyhdr)                \addtolength{\topmargin}{-2.49998pt}.

File: investigacion2.pdf Graphic file (type pdf)
<use investigacion2.pdf, page 57>
Package pdftex.def Info: investigacion2.pdf , page57 used on input line 997.
(pdftex.def)             Requested size: 614.58406pt x 795.3441pt.
[110

 <./investigacion2.pdf>]
<investigacion2.pdf, id=956, page=58, 614.295pt x 794.97pt>
File: investigacion2.pdf Graphic file (type pdf)
<use investigacion2.pdf, page 58>
Package pdftex.def Info: investigacion2.pdf , page58 used on input line 997.
(pdftex.def)             Requested size: 614.58406pt x 795.3441pt.
File: investigacion2.pdf Graphic file (type pdf)
<use investigacion2.pdf, page 58>
Package pdftex.def Info: investigacion2.pdf , page58 used on input line 997.
(pdftex.def)             Requested size: 614.58406pt x 795.3441pt.


Package fancyhdr Warning: \headheight is too small (12.0pt): 
(fancyhdr)                Make it at least 14.49998pt, for example:
(fancyhdr)                \setlength{\headheight}{14.49998pt}.
(fancyhdr)                You might also make \topmargin smaller:
(fancyhdr)                \addtolength{\topmargin}{-2.49998pt}.

File: investigacion2.pdf Graphic file (type pdf)
<use investigacion2.pdf, page 58>
Package pdftex.def Info: investigacion2.pdf , page58 used on input line 997.
(pdftex.def)             Requested size: 614.58406pt x 795.3441pt.
[111

 <./investigacion2.pdf>] (./cuerpoinforme.aux
LaTeX Info: Redefining \. on input line 11.
LaTeX Info: Redefining \% on input line 11.
)
 ***********
LaTeX2e <2025-11-01>
L3 programming layer <2020/03/25>
 ***********


LaTeX Warning: There were multiply-defined labels.

Package rerunfilecheck Info: File `cuerpoinforme.out' has not changed.
(rerunfilecheck)             Checksum: D905BD4F61CBC0803F64118E43907F34;8621.
 ) 
Here is how much of TeX's memory you used:
 23070 strings out of 467577
 431738 string characters out of 5410090
 889384 words of memory out of 5000000
 51404 multiletter control sequences out of 15000+600000
 669914 words of font info for 126 fonts, out of 8000000 for 9000
 1141 hyphenation exceptions out of 8191
 75i,17n,80p,730b,1427s stack positions out of 10000i,1000n,20000p,200000b,200000s
<d:/Instalar Programas/textlive/texlive/2025/texmf-dist/fonts/type1/public/ne
wtx/NewTXMI.pfb><d:/Instalar Programas/textlive/texlive/2025/texmf-dist/fonts/t
ype1/public/tex-gyre/qtmr.pfb><d:/Instalar Programas/textlive/texlive/2025/texm
f-dist/fonts/type1/public/cm-super/sfrm1095.pfb><d:/Instalar Programas/textlive
/texlive/2025/texmf-dist/fonts/type1/public/newtx/txexs.pfb><d:/Instalar Progra
mas/textlive/texlive/2025/texmf-dist/fonts/type1/public/newtx/txmiaX.pfb><d:/In
stalar Programas/textlive/texlive/2025/texmf-dist/fonts/type1/public/newtx/txsy
m.pfb><d:/Instalar Programas/textlive/texlive/2025/texmf-dist/fonts/type1/publi
c/newtx/txsys.pfb><d:/Instalar Programas/textlive/texlive/2025/texmf-dist/fonts
/type1/public/newtx/ztmb.pfb><d:/Instalar Programas/textlive/texlive/2025/texmf
-dist/fonts/type1/public/newtx/ztmbi.pfb><d:/Instalar Programas/textlive/texliv
e/2025/texmf-dist/fonts/type1/public/newtx/ztmr.pfb><d:/Instalar Programas/text
live/texlive/2025/texmf-dist/fonts/type1/public/newtx/ztmri.pfb>
Output written on cuerpoinforme.pdf (113 pages, 21143443 bytes).
PDF statistics:
 1050 PDF objects out of 1200 (max. 8388607)
 788 compressed objects within 8 object streams
 217 named destinations out of 1000 (max. 500000)
 935 words of extra memory for PDF output out of 10000 (max. 10000000)

