This is pdfTeX, Version 3.141592653-2.6-1.40.28 (TeX Live 2025) (preloaded format=pdflatex 2025.11.3)  3 NOV 2025 22:41
entering extended mode
 restricted \write18 enabled.
 %&-line parsing enabled.
**"INFORME APLICADA.tex"
(./INFORME APLICADA.tex
LaTeX2e <2025-11-01>
L3 programming layer <2025-10-24>

(d:/Instalar Programas/textlive/texlive/2025/texmf-dist/tex/latex/base/article.
cls
Document Class: article 2025/01/22 v1.4n Standard LaTeX document class

(d:/Instalar Programas/textlive/texlive/2025/texmf-dist/tex/latex/base/size12.c
lo
File: size12.clo 2025/01/22 v1.4n Standard LaTeX file (size option)
)
\c@part=\count275
\c@section=\count276
\c@subsection=\count277
\c@subsubsection=\count278
\c@paragraph=\count279
\c@subparagraph=\count280
\c@figure=\count281
\c@table=\count282
\abovecaptionskip=\skip49
\belowcaptionskip=\skip50
\bibindent=\dimen148
)
(d:/Instalar Programas/textlive/texlive/2025/texmf-dist/tex/latex/setspace/sets
pace.sty
Package: setspace 2022/12/04 v6.7b set line spacing
)
(d:/Instalar Programas/textlive/texlive/2025/texmf-dist/tex/latex/newtx/newtxte
xt.sty
Package: newtxtext 2024/04/01 v1.744(Michael Sharpe) latex and unicode latex su
pport for TeXGyreTermesX

`newtxtext' v1.744, 2024/04/01 Text macros taking advantage of TeXGyre Termes a
nd its extensions (msharpe)
(d:/Instalar Programas/textlive/texlive/2025/texmf-dist/tex/latex/xpatch/xpatch
.sty
(d:/Instalar Programas/textlive/texlive/2025/texmf-dist/tex/latex/l3kernel/expl
3.sty
Package: expl3 2025-10-24 L3 programming layer (loader) 

(d:/Instalar Programas/textlive/texlive/2025/texmf-dist/tex/latex/l3backend/l3b
ackend-pdftex.def
File: l3backend-pdftex.def 2025-10-09 L3 backend support: PDF output (pdfTeX)
\l__color_backend_stack_int=\count283
))
Package: xpatch 2020/03/25 v0.3a Extending etoolbox patching commands

(d:/Instalar Programas/textlive/texlive/2025/texmf-dist/tex/latex/l3packages/xp
arse/xparse.sty
Package: xparse 2025-10-09 L3 Experimental document command parser
)
(d:/Instalar Programas/textlive/texlive/2025/texmf-dist/tex/latex/etoolbox/etoo
lbox.sty
Package: etoolbox 2025/10/02 v2.5m e-TeX tools for LaTeX (JAW)
\etb@tempcnta=\count284
))
(d:/Instalar Programas/textlive/texlive/2025/texmf-dist/tex/latex/xcolor/xcolor
.sty
Package: xcolor 2024/09/29 v3.02 LaTeX color extensions (UK)

(d:/Instalar Programas/textlive/texlive/2025/texmf-dist/tex/latex/graphics-cfg/
color.cfg
File: color.cfg 2016/01/02 v1.6 sample color configuration
)
Package xcolor Info: Driver file: pdftex.def on input line 274.

(d:/Instalar Programas/textlive/texlive/2025/texmf-dist/tex/latex/graphics-def/
pdftex.def
File: pdftex.def 2025/09/29 v1.2d Graphics/color driver for pdftex
)
(d:/Instalar Programas/textlive/texlive/2025/texmf-dist/tex/latex/graphics/math
color.ltx)
Package xcolor Info: Model `cmy' substituted by `cmy0' on input line 1349.
Package xcolor Info: Model `hsb' substituted by `rgb' on input line 1353.
Package xcolor Info: Model `RGB' extended on input line 1365.
Package xcolor Info: Model `HTML' substituted by `rgb' on input line 1367.
Package xcolor Info: Model `Hsb' substituted by `hsb' on input line 1368.
Package xcolor Info: Model `tHsb' substituted by `hsb' on input line 1369.
Package xcolor Info: Model `HSB' substituted by `hsb' on input line 1370.
Package xcolor Info: Model `Gray' substituted by `gray' on input line 1371.
Package xcolor Info: Model `wave' substituted by `hsb' on input line 1372.
)
(d:/Instalar Programas/textlive/texlive/2025/texmf-dist/tex/generic/iftex/iftex
.sty
Package: iftex 2024/12/12 v1.0g TeX engine tests
)
(d:/Instalar Programas/textlive/texlive/2025/texmf-dist/tex/latex/xkeyval/xkeyv
al.sty
Package: xkeyval 2022/06/16 v2.9 package option processing (HA)

(d:/Instalar Programas/textlive/texlive/2025/texmf-dist/tex/generic/xkeyval/xke
yval.tex
(d:/Instalar Programas/textlive/texlive/2025/texmf-dist/tex/generic/xkeyval/xkv
utils.tex
\XKV@toks=\toks17
\XKV@tempa@toks=\toks18

(d:/Instalar Programas/textlive/texlive/2025/texmf-dist/tex/generic/xkeyval/key
val.tex))
\XKV@depth=\count285
File: xkeyval.tex 2014/12/03 v2.7a key=value parser (HA)
))
(d:/Instalar Programas/textlive/texlive/2025/texmf-dist/tex/latex/base/textcomp
.sty
Package: textcomp 2024/04/24 v2.1b Standard LaTeX package
)
(d:/Instalar Programas/textlive/texlive/2025/texmf-dist/tex/generic/xstring/xst
ring.sty
(d:/Instalar Programas/textlive/texlive/2025/texmf-dist/tex/generic/xstring/xst
ring.tex
\xs_counta=\count286
\xs_countb=\count287
)
Package: xstring 2023/08/22 v1.86 String manipulations (CT)
)
(d:/Instalar Programas/textlive/texlive/2025/texmf-dist/tex/latex/base/ifthen.s
ty
Package: ifthen 2024/03/16 v1.1e Standard LaTeX ifthen package (DPC)
)
(d:/Instalar Programas/textlive/texlive/2025/texmf-dist/tex/latex/carlisle/scal
efnt.sty)
LaTeX Font Info:    Setting ntxLF sub-encoding to TS1/0 on input line 24.
LaTeX Font Info:    Setting ntxTLF sub-encoding to TS1/0 on input line 24.
LaTeX Font Info:    Setting ntxOsF sub-encoding to TS1/0 on input line 24.
LaTeX Font Info:    Setting ntxTOsF sub-encoding to TS1/0 on input line 24.

(d:/Instalar Programas/textlive/texlive/2025/texmf-dist/tex/generic/kastrup/bin
hex.tex)
\ntx@tmpcnta=\count288
\ntx@cnt=\count289

(d:/Instalar Programas/textlive/texlive/2025/texmf-dist/tex/latex/fontaxes/font
axes.sty
Package: fontaxes 2025-05-24 v2.0.1 Font selection axes (deprecated)

(d:/Instalar Programas/textlive/texlive/2025/texmf-dist/tex/latex/figureversion
s/figureversions.sty
Package: figureversions 2025-04-29 v1.0.1 Figure versions
))
\tx@sixem=\dimen149
\tx@y=\dimen150
\tx@x=\dimen151
\tx@tmpdima=\dimen152
\tx@tmpdimb=\dimen153
\tx@tmpdimc=\dimen154
\tx@tmpdimd=\dimen155
\tx@tmpdime=\dimen156
\tx@tmpdimf=\dimen157
\tx@dimA=\dimen158
\tx@dimAA=\dimen159
\tx@dimB=\dimen160
\tx@dimBB=\dimen161
\tx@dimC=\dimen162
LaTeX Info: Redefining \oldstylenums on input line 902.
)
(d:/Instalar Programas/textlive/texlive/2025/texmf-dist/tex/latex/newtx/newtxma
th.sty
Package: newtxmath 2024/09/22 v1.754

`newtxmath' v1.754, 2024/09/22 Math macros based originally on txfonts (msharpe
)
(d:/Instalar Programas/textlive/texlive/2025/texmf-dist/tex/latex/amsmath/amsma
th.sty
Package: amsmath 2025/07/09 v2.17z AMS math features
\@mathmargin=\skip51

For additional information on amsmath, use the `?' option.

(d:/Instalar Programas/textlive/texlive/2025/texmf-dist/tex/latex/amsmath/amste
xt.sty
Package: amstext 2024/11/17 v2.01 AMS text

(d:/Instalar Programas/textlive/texlive/2025/texmf-dist/tex/latex/amsmath/amsge
n.sty
File: amsgen.sty 1999/11/30 v2.0 generic functions
\@emptytoks=\toks19
\ex@=\dimen163
))
(d:/Instalar Programas/textlive/texlive/2025/texmf-dist/tex/latex/amsmath/amsbs
y.sty
Package: amsbsy 1999/11/29 v1.2d Bold Symbols
\pmbraise@=\dimen164
)
(d:/Instalar Programas/textlive/texlive/2025/texmf-dist/tex/latex/amsmath/amsop
n.sty
Package: amsopn 2022/04/08 v2.04 operator names
)
\inf@bad=\count290
LaTeX Info: Redefining \frac on input line 233.
\uproot@=\count291
\leftroot@=\count292
LaTeX Info: Redefining \overline on input line 398.
LaTeX Info: Redefining \colon on input line 409.
\classnum@=\count293
\DOTSCASE@=\count294
LaTeX Info: Redefining \ldots on input line 495.
LaTeX Info: Redefining \dots on input line 498.
LaTeX Info: Redefining \cdots on input line 619.
\Mathstrutbox@=\box53
\strutbox@=\box54
LaTeX Info: Redefining \big on input line 721.
LaTeX Info: Redefining \Big on input line 722.
LaTeX Info: Redefining \bigg on input line 723.
LaTeX Info: Redefining \Bigg on input line 724.
\big@size=\dimen165
LaTeX Font Info:    Redeclaring font encoding OML on input line 742.
LaTeX Font Info:    Redeclaring font encoding OMS on input line 743.
\macc@depth=\count295
LaTeX Info: Redefining \bmod on input line 904.
LaTeX Info: Redefining \pmod on input line 909.
LaTeX Info: Redefining \smash on input line 939.
LaTeX Info: Redefining \relbar on input line 969.
LaTeX Info: Redefining \Relbar on input line 970.
\c@MaxMatrixCols=\count296
\dotsspace@=\muskip17
\c@parentequation=\count297
\dspbrk@lvl=\count298
\tag@help=\toks20
\row@=\count299
\column@=\count300
\maxfields@=\count301
\andhelp@=\toks21
\eqnshift@=\dimen166
\alignsep@=\dimen167
\tagshift@=\dimen168
\tagwidth@=\dimen169
\totwidth@=\dimen170
\lineht@=\dimen171
\@envbody=\toks22
\multlinegap=\skip52
\multlinetaggap=\skip53
\mathdisplay@stack=\toks23
LaTeX Info: Redefining \[ on input line 2950.
LaTeX Info: Redefining \] on input line 2951.
)
(d:/Instalar Programas/textlive/texlive/2025/texmf-dist/tex/latex/oberdiek/cent
ernot.sty
Package: centernot 2016/05/16 v1.4 Centers the not symbol horizontally (HO)
)
\tx@cntz=\count302

(d:/Instalar Programas/textlive/texlive/2025/texmf-dist/tex/generic/kastrup/bin
hex.tex)
\tx@Isdigit=\count303
\tx@IsAlNum=\count304
\tx@tA=\toks24
\tx@tB=\toks25
\tx@su=\read2

amsthm NOT loaded
LaTeX Font Info:    Redeclaring symbol font `operators' on input line 402.
LaTeX Font Info:    Overwriting symbol font `operators' in version `normal'
(Font)                  OT1/cmr/m/n --> OT1/minntx/m/n on input line 402.
LaTeX Font Info:    Overwriting symbol font `operators' in version `bold'
(Font)                  OT1/cmr/bx/n --> OT1/minntx/m/n on input line 402.
LaTeX Font Info:    Overwriting symbol font `operators' in version `bold'
(Font)                  OT1/minntx/m/n --> OT1/minntx/b/n on input line 403.
LaTeX Font Info:    Redeclaring math alphabet \mathsf on input line 410.
LaTeX Font Info:    Overwriting math alphabet `\mathsf' in version `normal'
(Font)                  OT1/cmss/m/n --> OT1/qhv/m/n on input line 410.
LaTeX Font Info:    Overwriting math alphabet `\mathsf' in version `bold'
(Font)                  OT1/cmss/bx/n --> OT1/qhv/m/n on input line 410.
LaTeX Font Info:    Overwriting math alphabet `\mathsf' in version `bold'
(Font)                  OT1/qhv/m/n --> OT1/qhv/b/n on input line 412.
LaTeX Font Info:    Redeclaring math alphabet \mathit on input line 419.
LaTeX Font Info:    Overwriting math alphabet `\mathit' in version `normal'
(Font)                  OT1/cmr/m/it --> OT1/minntx/m/it on input line 419.
LaTeX Font Info:    Overwriting math alphabet `\mathit' in version `bold'
(Font)                  OT1/cmr/bx/it --> OT1/minntx/m/it on input line 419.
LaTeX Font Info:    Redeclaring math alphabet \mathtt on input line 420.
LaTeX Font Info:    Overwriting math alphabet `\mathtt' in version `normal'
(Font)                  OT1/cmtt/m/n --> OT1/ntxtt/m/n on input line 420.
LaTeX Font Info:    Overwriting math alphabet `\mathtt' in version `bold'
(Font)                  OT1/cmtt/m/n --> OT1/ntxtt/m/n on input line 420.
LaTeX Font Info:    Redeclaring math alphabet \mathbf on input line 422.
LaTeX Font Info:    Overwriting math alphabet `\mathbf' in version `normal'
(Font)                  OT1/cmr/bx/n --> OT1/minntx/b/n on input line 422.
LaTeX Font Info:    Overwriting math alphabet `\mathbf' in version `bold'
(Font)                  OT1/cmr/bx/n --> OT1/minntx/b/n on input line 422.
LaTeX Font Info:    Overwriting math alphabet `\mathit' in version `bold'
(Font)                  OT1/minntx/m/it --> OT1/minntx/b/it on input line 423.
LaTeX Font Info:    Overwriting math alphabet `\mathtt' in version `bold'
(Font)                  OT1/ntxtt/m/n --> OT1/ntxtt/b/n on input line 426.
LaTeX Font Info:    Redeclaring symbol font `letters' on input line 534.
LaTeX Font Info:    Overwriting symbol font `letters' in version `normal'
(Font)                  OML/cmm/m/it --> OML/ntxmi/m/it on input line 534.
LaTeX Font Info:    Overwriting symbol font `letters' in version `bold'
(Font)                  OML/cmm/b/it --> OML/ntxmi/m/it on input line 534.
LaTeX Font Info:    Overwriting symbol font `letters' in version `bold'
(Font)                  OML/ntxmi/m/it --> OML/ntxmi/b/it on input line 535.
\symlettersA=\mathgroup4
LaTeX Font Info:    Overwriting symbol font `lettersA' in version `bold'
(Font)                  U/ntxmia/m/it --> U/ntxmia/b/it on input line 582.
Now handling font encoding LMS ...
... no UTF-8 mapping file for font encoding LMS
LaTeX Font Info:    Redeclaring symbol font `symbols' on input line 604.
LaTeX Font Info:    Encoding `OMS' has changed to `LMS' for symbol font
(Font)              `symbols' in the math version `normal' on input line 604.
LaTeX Font Info:    Overwriting symbol font `symbols' in version `normal'
(Font)                  OMS/cmsy/m/n --> LMS/ntxsy/m/n on input line 604.
LaTeX Font Info:    Encoding `OMS' has changed to `LMS' for symbol font
(Font)              `symbols' in the math version `bold' on input line 604.
LaTeX Font Info:    Overwriting symbol font `symbols' in version `bold'
(Font)                  OMS/cmsy/b/n --> LMS/ntxsy/m/n on input line 604.
LaTeX Font Info:    Overwriting symbol font `symbols' in version `bold'
(Font)                  LMS/ntxsy/m/n --> LMS/ntxsy/b/n on input line 605.
\symAMSm=\mathgroup5
LaTeX Font Info:    Overwriting symbol font `AMSm' in version `bold'
(Font)                  U/ntxsym/m/n --> U/ntxsym/b/n on input line 630.
\symsymbolsC=\mathgroup6
LaTeX Font Info:    Overwriting symbol font `symbolsC' in version `bold'
(Font)                  U/ntxsyc/m/n --> U/ntxsyc/b/n on input line 651.
Now handling font encoding LMX ...
... no UTF-8 mapping file for font encoding LMX
LaTeX Font Info:    Redeclaring symbol font `largesymbols' on input line 664.
LaTeX Font Info:    Encoding `OMX' has changed to `LMX' for symbol font
(Font)              `largesymbols' in the math version `normal' on input line 6
64.
LaTeX Font Info:    Overwriting symbol font `largesymbols' in version `normal'
(Font)                  OMX/cmex/m/n --> LMX/ntxexx/m/n on input line 664.
LaTeX Font Info:    Encoding `OMX' has changed to `LMX' for symbol font
(Font)              `largesymbols' in the math version `bold' on input line 664
.
LaTeX Font Info:    Overwriting symbol font `largesymbols' in version `bold'
(Font)                  OMX/cmex/m/n --> LMX/ntxexx/m/n on input line 664.
LaTeX Font Info:    Overwriting symbol font `largesymbols' in version `bold'
(Font)                  LMX/ntxexx/m/n --> LMX/ntxexx/b/n on input line 665.
\symlargesymbolsTXA=\mathgroup7
LaTeX Font Info:    Overwriting symbol font `largesymbolsTXA' in version `bold'

(Font)                  U/ntxexa/m/n --> U/ntxexa/b/n on input line 679.
\tx@sbptoks=\toks26
LaTeX Font Info:    Redeclaring math delimiter \lfloor on input line 902.
LaTeX Font Info:    Redeclaring math delimiter \rfloor on input line 903.
LaTeX Font Info:    Redeclaring math delimiter \lceil on input line 904.
LaTeX Font Info:    Redeclaring math delimiter \rceil on input line 905.
LaTeX Font Info:    Redeclaring math delimiter \lbrace on input line 910.
LaTeX Font Info:    Redeclaring math delimiter \rbrace on input line 911.
LaTeX Font Info:    Redeclaring math delimiter \langle on input line 913.
LaTeX Font Info:    Redeclaring math delimiter \rangle on input line 915.
LaTeX Font Info:    Redeclaring math delimiter \arrowvert on input line 919.
LaTeX Font Info:    Redeclaring math delimiter \vert on input line 920.
LaTeX Font Info:    Redeclaring math symbol \hbar on input line 966.
LaTeX Font Info:    Redeclaring math accent \dot on input line 991.
LaTeX Font Info:    Redeclaring math accent \ddot on input line 992.
LaTeX Font Info:    Redeclaring math accent \vec on input line 2057.
LaTeX Info: Redefining \Bbbk on input line 2847.
LaTeX Info: Redefining \not on input line 2995.
)
(d:/Instalar Programas/textlive/texlive/2025/texmf-dist/tex/latex/base/inputenc
.sty
Package: inputenc 2024/02/08 v1.3d Input encoding file
\inpenc@prehook=\toks27
\inpenc@posthook=\toks28
)
(d:/Instalar Programas/textlive/texlive/2025/texmf-dist/tex/generic/babel/babel
.sty
Package: babel 2025/10/22 v25.14 The multilingual framework for LuaLaTeX, pdfLa
TeX and XeLaTeX
\babel@savecnt=\count305
LaTeX Encoding Info:    Redeclaring text command \ij (encoding OT1) on input li
ne 2050.
LaTeX Encoding Info:    Redeclaring text command \IJ (encoding OT1) on input li
ne 2052.
LaTeX Encoding Info:    Redeclaring text command \ij (encoding T1) on input lin
e 2054.
LaTeX Encoding Info:    Redeclaring text command \IJ (encoding T1) on input lin
e 2055.
LaTeX Encoding Info:    Ignoring declaration for text command \ij (encoding ?) 
on input line 2056.
LaTeX Encoding Info:    Ignoring declaration for text command \IJ (encoding ?) 
on input line 2058.
LaTeX Encoding Info:    Ignoring declaration for text command \SS (encoding ?) 
on input line 2083.
\U@D=\dimen172
\l@unhyphenated=\language90

(d:/Instalar Programas/textlive/texlive/2025/texmf-dist/tex/generic/babel/txtba
bel.def)
\bbl@readstream=\read3
\bbl@dirlevel=\count306

(d:/Instalar Programas/textlive/texlive/2025/texmf-dist/tex/generic/babel/local
e/es/babel-spanish.tex)
Package babel Info: Importing font and identification data for spanish
(babel)             from babel-es.ini. Reported on input line 4295.

(d:/Instalar Programas/textlive/texlive/2025/texmf-dist/tex/generic/babel-spani
sh/spanish.ldf
Language: spanish.ldf 2021/05/27 v5.0q Spanish support from the babel system
\es@quottoks=\toks29
\es@quotdepth=\count307
Package babel Info: Making " an active character on input line 570.
Package babel Info: Making . an active character on input line 675.
Package babel Info: Making < an active character on input line 722.
Package babel Info: Making > an active character on input line 722.
))
LaTeX Encoding Info:    Redeclaring text command \guillemotleft (encoding OT1) 
on input line 16.
LaTeX Encoding Info:    Redeclaring text command \guillemotright (encoding OT1)
 on input line 16.

(d:/Instalar Programas/textlive/texlive/2025/texmf-dist/tex/latex/geometry/geom
etry.sty
Package: geometry 2020/01/02 v5.9 Page Geometry

(d:/Instalar Programas/textlive/texlive/2025/texmf-dist/tex/generic/iftex/ifvte
x.sty
Package: ifvtex 2019/10/25 v1.7 ifvtex legacy package. Use iftex instead.
)
\Gm@cnth=\count308
\Gm@cntv=\count309
\c@Gm@tempcnt=\count310
\Gm@bindingoffset=\dimen173
\Gm@wd@mp=\dimen174
\Gm@odd@mp=\dimen175
\Gm@even@mp=\dimen176
\Gm@layoutwidth=\dimen177
\Gm@layoutheight=\dimen178
\Gm@layouthoffset=\dimen179
\Gm@layoutvoffset=\dimen180
\Gm@dimlist=\toks30
)
(d:/Instalar Programas/textlive/texlive/2025/texmf-dist/tex/latex/graphics/grap
hicx.sty
Package: graphicx 2024/12/31 v1.2e Enhanced LaTeX Graphics (DPC,SPQR)

(d:/Instalar Programas/textlive/texlive/2025/texmf-dist/tex/latex/graphics/grap
hics.sty
Package: graphics 2024/08/06 v1.4g Standard LaTeX Graphics (DPC,SPQR)

(d:/Instalar Programas/textlive/texlive/2025/texmf-dist/tex/latex/graphics/trig
.sty
Package: trig 2023/12/02 v1.11 sin cos tan (DPC)
)
(d:/Instalar Programas/textlive/texlive/2025/texmf-dist/tex/latex/graphics-cfg/
graphics.cfg
File: graphics.cfg 2016/06/04 v1.11 sample graphics configuration
)
Package graphics Info: Driver file: pdftex.def on input line 106.
)
\Gin@req@height=\dimen181
\Gin@req@width=\dimen182
)
(d:/Instalar Programas/textlive/texlive/2025/texmf-dist/tex/latex/titlesec/titl
esec.sty
Package: titlesec 2025/01/04 v2.17 Sectioning titles
\ttl@box=\box55
\beforetitleunit=\skip54
\aftertitleunit=\skip55
\ttl@plus=\dimen183
\ttl@minus=\dimen184
\ttl@toksa=\toks31
\titlewidth=\dimen185
\titlewidthlast=\dimen186
\titlewidthfirst=\dimen187
)
(d:/Instalar Programas/textlive/texlive/2025/texmf-dist/tex/latex/lipsum/lipsum
.sty
(d:/Instalar Programas/textlive/texlive/2025/texmf-dist/tex/latex/l3packages/l3
keys2e/l3keys2e.sty
Package: l3keys2e 2025-10-09 LaTeX2e option processing using LaTeX3 keys
)
Package: lipsum 2021-09-20 v2.7 150 paragraphs of Lorem Ipsum dummy text
\g__lipsum_par_int=\count311
\l__lipsum_a_int=\count312
\l__lipsum_b_int=\count313

(d:/Instalar Programas/textlive/texlive/2025/texmf-dist/tex/latex/lipsum/lipsum
.ltd.tex))
(d:/Instalar Programas/textlive/texlive/2025/texmf-dist/tex/latex/pdfpages/pdfp
ages.sty
Package: pdfpages 2025/07/23 v0.6g Insert pages of external PDF documents (AM)

(d:/Instalar Programas/textlive/texlive/2025/texmf-dist/tex/latex/tools/calc.st
y
Package: calc 2025/03/01 v4.3b Infix arithmetic (KKT,FJ)
\calc@Acount=\count314
\calc@Bcount=\count315
\calc@Adimen=\dimen188
\calc@Bdimen=\dimen189
\calc@Askip=\skip56
\calc@Bskip=\skip57
LaTeX Info: Redefining \setlength on input line 86.
LaTeX Info: Redefining \addtolength on input line 87.
\calc@Ccount=\count316
\calc@Cskip=\skip58
)
(d:/Instalar Programas/textlive/texlive/2025/texmf-dist/tex/latex/eso-pic/eso-p
ic.sty
Package: eso-pic 2023/05/03 v3.0c eso-pic (RN)
\ESO@tempdima=\dimen190
\ESO@tempdimb=\dimen191
)
\AM@pagewidth=\dimen192
\AM@pageheight=\dimen193
\AM@fboxrule=\dimen194

(d:/Instalar Programas/textlive/texlive/2025/texmf-dist/tex/latex/pdfpages/pppd
ftex.def
File: pppdftex.def 2025/07/23 v0.6g Pdfpages driver for pdfTeX (AM)
)
\pdfpages@includegraphics@status=\count317
\AM@pagebox=\box56
\AM@global@opts=\toks32
\AM@pagecnt=\count318
\AM@toc@title=\toks33
\AM@lof@heading=\toks34
\c@AM@survey=\count319
\AM@templatesizebox=\box57
)
(d:/Instalar Programas/textlive/texlive/2025/texmf-dist/tex/latex/tocloft/toclo
ft.sty
Package: tocloft 2017/08/31 v2.3i parameterised ToC, etc., typesetting
Package tocloft Info: The document has section divisions on input line 51.
\cftparskip=\skip59
\cftbeforetoctitleskip=\skip60
\cftaftertoctitleskip=\skip61
\cftbeforepartskip=\skip62
\cftpartnumwidth=\skip63
\cftpartindent=\skip64
\cftbeforesecskip=\skip65
\cftsecindent=\skip66
\cftsecnumwidth=\skip67
\cftbeforesubsecskip=\skip68
\cftsubsecindent=\skip69
\cftsubsecnumwidth=\skip70
\cftbeforesubsubsecskip=\skip71
\cftsubsubsecindent=\skip72
\cftsubsubsecnumwidth=\skip73
\cftbeforeparaskip=\skip74
\cftparaindent=\skip75
\cftparanumwidth=\skip76
\cftbeforesubparaskip=\skip77
\cftsubparaindent=\skip78
\cftsubparanumwidth=\skip79
\cftbeforeloftitleskip=\skip80
\cftafterloftitleskip=\skip81
\cftbeforefigskip=\skip82
\cftfigindent=\skip83
\cftfignumwidth=\skip84
\c@lofdepth=\count320
\c@lotdepth=\count321
\cftbeforelottitleskip=\skip85
\cftafterlottitleskip=\skip86
\cftbeforetabskip=\skip87
\cfttabindent=\skip88
\cfttabnumwidth=\skip89
)
(d:/Instalar Programas/textlive/texlive/2025/texmf-dist/tex/latex/hyperref/hype
rref.sty
Package: hyperref 2025-07-12 v7.01o Hypertext links for LaTeX

(d:/Instalar Programas/textlive/texlive/2025/texmf-dist/tex/latex/kvsetkeys/kvs
etkeys.sty
Package: kvsetkeys 2022-10-05 v1.19 Key value parser (HO)
)
(d:/Instalar Programas/textlive/texlive/2025/texmf-dist/tex/generic/kvdefinekey
s/kvdefinekeys.sty
Package: kvdefinekeys 2019-12-19 v1.6 Define keys (HO)
)
(d:/Instalar Programas/textlive/texlive/2025/texmf-dist/tex/generic/pdfescape/p
dfescape.sty
Package: pdfescape 2019/12/09 v1.15 Implements pdfTeX's escape features (HO)

(d:/Instalar Programas/textlive/texlive/2025/texmf-dist/tex/generic/ltxcmds/ltx
cmds.sty
Package: ltxcmds 2023-12-04 v1.26 LaTeX kernel commands for general use (HO)
)
(d:/Instalar Programas/textlive/texlive/2025/texmf-dist/tex/generic/pdftexcmds/
pdftexcmds.sty
Package: pdftexcmds 2020-06-27 v0.33 Utility functions of pdfTeX for LuaTeX (HO
)

(d:/Instalar Programas/textlive/texlive/2025/texmf-dist/tex/generic/infwarerr/i
nfwarerr.sty
Package: infwarerr 2019/12/03 v1.5 Providing info/warning/error messages (HO)
)
Package pdftexcmds Info: \pdf@primitive is available.
Package pdftexcmds Info: \pdf@ifprimitive is available.
Package pdftexcmds Info: \pdfdraftmode found.
))
(d:/Instalar Programas/textlive/texlive/2025/texmf-dist/tex/latex/hycolor/hycol
or.sty
Package: hycolor 2020-01-27 v1.10 Color options for hyperref/bookmark (HO)
)
(d:/Instalar Programas/textlive/texlive/2025/texmf-dist/tex/latex/hyperref/name
ref.sty
Package: nameref 2025-06-21 v2.57 Cross-referencing by name of section

(d:/Instalar Programas/textlive/texlive/2025/texmf-dist/tex/latex/refcount/refc
ount.sty
Package: refcount 2019/12/15 v3.6 Data extraction from label references (HO)
)
(d:/Instalar Programas/textlive/texlive/2025/texmf-dist/tex/generic/gettitlestr
ing/gettitlestring.sty
Package: gettitlestring 2019/12/15 v1.6 Cleanup title references (HO)

(d:/Instalar Programas/textlive/texlive/2025/texmf-dist/tex/latex/kvoptions/kvo
ptions.sty
Package: kvoptions 2022-06-15 v3.15 Key value format for package options (HO)
))
\c@section@level=\count322
)
(d:/Instalar Programas/textlive/texlive/2025/texmf-dist/tex/generic/stringenc/s
tringenc.sty
Package: stringenc 2019/11/29 v1.12 Convert strings between diff. encodings (HO
)
)
\@linkdim=\dimen195
\Hy@linkcounter=\count323
\Hy@pagecounter=\count324

(d:/Instalar Programas/textlive/texlive/2025/texmf-dist/tex/latex/hyperref/pd1e
nc.def
File: pd1enc.def 2025-07-12 v7.01o Hyperref: PDFDocEncoding definition (HO)
Now handling font encoding PD1 ...
... no UTF-8 mapping file for font encoding PD1
)
(d:/Instalar Programas/textlive/texlive/2025/texmf-dist/tex/generic/intcalc/int
calc.sty
Package: intcalc 2019/12/15 v1.3 Expandable calculations with integers (HO)
)
\Hy@SavedSpaceFactor=\count325

(d:/Instalar Programas/textlive/texlive/2025/texmf-dist/tex/latex/hyperref/puen
c.def
File: puenc.def 2025-07-12 v7.01o Hyperref: PDF Unicode definition (HO)
Now handling font encoding PU ...
... no UTF-8 mapping file for font encoding PU
)
Package hyperref Info: Hyper figures OFF on input line 4195.
Package hyperref Info: Link nesting OFF on input line 4200.
Package hyperref Info: Hyper index ON on input line 4203.
Package hyperref Info: Plain pages OFF on input line 4210.
Package hyperref Info: Backreferencing OFF on input line 4215.
Package hyperref Info: Implicit mode ON; LaTeX internals redefined.
Package hyperref Info: Bookmarks ON on input line 4462.
\c@Hy@tempcnt=\count326

(d:/Instalar Programas/textlive/texlive/2025/texmf-dist/tex/latex/url/url.sty
\Urlmuskip=\muskip18
Package: url 2013/09/16  ver 3.4  Verb mode for urls, etc.
)
LaTeX Info: Redefining \url on input line 4801.
\XeTeXLinkMargin=\dimen196

(d:/Instalar Programas/textlive/texlive/2025/texmf-dist/tex/generic/bitset/bits
et.sty
Package: bitset 2019/12/09 v1.3 Handle bit-vector datatype (HO)

(d:/Instalar Programas/textlive/texlive/2025/texmf-dist/tex/generic/bigintcalc/
bigintcalc.sty
Package: bigintcalc 2019/12/15 v1.5 Expandable calculations on big integers (HO
)
))
\Fld@menulength=\count327
\Field@Width=\dimen197
\Fld@charsize=\dimen198
Package hyperref Info: Hyper figures OFF on input line 6078.
Package hyperref Info: Link nesting OFF on input line 6083.
Package hyperref Info: Hyper index ON on input line 6086.
Package hyperref Info: backreferencing OFF on input line 6093.
Package hyperref Info: Link coloring OFF on input line 6098.
Package hyperref Info: Link coloring with OCG OFF on input line 6103.
Package hyperref Info: PDF/A mode OFF on input line 6108.
\Hy@abspage=\count328
\c@Item=\count329
\c@Hfootnote=\count330
)
Package hyperref Info: Driver (autodetected): hpdftex.

(d:/Instalar Programas/textlive/texlive/2025/texmf-dist/tex/latex/hyperref/hpdf
tex.def
File: hpdftex.def 2025-07-12 v7.01o Hyperref driver for pdfTeX
\Fld@listcount=\count331
\c@bookmark@seq@number=\count332

(d:/Instalar Programas/textlive/texlive/2025/texmf-dist/tex/latex/rerunfilechec
k/rerunfilecheck.sty
Package: rerunfilecheck 2025-06-21 v1.11 Rerun checks for auxiliary files (HO)

(d:/Instalar Programas/textlive/texlive/2025/texmf-dist/tex/generic/uniquecount
er/uniquecounter.sty
Package: uniquecounter 2019/12/15 v1.4 Provide unlimited unique counter (HO)
)
Package uniquecounter Info: New unique counter `rerunfilecheck' on input line 2
84.
)
\Hy@SectionHShift=\skip90
)
Package hyperref Info: Option `colorlinks' set `true' on input line 32.
LaTeX Font Info:    Trying to load font information for OT1+ntxtlf on input lin
e 57.

(d:/Instalar Programas/textlive/texlive/2025/texmf-dist/tex/latex/newtx/ot1ntxt
lf.fd
File: ot1ntxtlf.fd 2021/05/24 v1.0 font definition file for OT1/ntx/tlf
)
LaTeX Font Info:    Font shape `OT1/ntxtlf/m/n' will be
(Font)              scaled to size 12.0pt on input line 57.
 (./INFORME APLICADA.aux
LaTeX Info: Redefining \. on input line 11.
LaTeX Info: Redefining \% on input line 11.
Package babel Info: 'spanish' activates 'spanish' shorthands.
(babel)             Reported on input line 11.


LaTeX Warning: Label `sec:conesa' multiply defined.

)
\openout1 = `"INFORME APLICADA.aux"'.

LaTeX Font Info:    Checking defaults for OML/ntxmi/m/it on input line 57.
LaTeX Font Info:    Trying to load font information for OML+ntxmi on input line
 57.

(d:/Instalar Programas/textlive/texlive/2025/texmf-dist/tex/latex/newtx/omlntxm
i.fd
File: omlntxmi.fd 2015/08/25 Fontinst v1.933 font definitions for OML/ntxmi.
)
LaTeX Font Info:    ... okay on input line 57.
LaTeX Font Info:    Checking defaults for OMS/cmsy/m/n on input line 57.
LaTeX Font Info:    ... okay on input line 57.
LaTeX Font Info:    Checking defaults for OT1/cmr/m/n on input line 57.
LaTeX Font Info:    ... okay on input line 57.
LaTeX Font Info:    Checking defaults for T1/cmr/m/n on input line 57.
LaTeX Font Info:    ... okay on input line 57.
LaTeX Font Info:    Checking defaults for TS1/cmr/m/n on input line 57.
LaTeX Font Info:    ... okay on input line 57.
LaTeX Font Info:    Checking defaults for OMX/cmex/m/n on input line 57.
LaTeX Font Info:    ... okay on input line 57.
LaTeX Font Info:    Checking defaults for U/ntxexa/m/n on input line 57.
LaTeX Font Info:    Trying to load font information for U+ntxexa on input line 
57.

(d:/Instalar Programas/textlive/texlive/2025/texmf-dist/tex/latex/newtx/untxexa
.fd
File: untxexa.fd 2012/04/16 Fontinst v1.933 font definitions for U/ntxexa.
)
LaTeX Font Info:    ... okay on input line 57.
LaTeX Font Info:    Checking defaults for LMS/ntxsy/m/n on input line 57.
LaTeX Font Info:    Trying to load font information for LMS+ntxsy on input line
 57.

(d:/Instalar Programas/textlive/texlive/2025/texmf-dist/tex/latex/newtx/lmsntxs
y.fd
File: lmsntxsy.fd 2016/07/02 Fontinst v1.933 font definitions for LMS/ntxsy.
)
LaTeX Font Info:    ... okay on input line 57.
LaTeX Font Info:    Checking defaults for LMX/ntxexx/m/n on input line 57.
LaTeX Font Info:    Trying to load font information for LMX+ntxexx on input lin
e 57.

(d:/Instalar Programas/textlive/texlive/2025/texmf-dist/tex/latex/newtx/lmxntxe
xx.fd
File: lmxntxexx.fd 2016/07/03 Fontinst v1.933 font definitions for LMX/ntxexx.
)
LaTeX Font Info:    ... okay on input line 57.
LaTeX Font Info:    Checking defaults for PD1/pdf/m/n on input line 57.
LaTeX Font Info:    ... okay on input line 57.
LaTeX Font Info:    Checking defaults for PU/pdf/m/n on input line 57.
LaTeX Font Info:    ... okay on input line 57.

(d:/Instalar Programas/textlive/texlive/2025/texmf-dist/tex/context/base/mkii/s
upp-pdf.mkii
[Loading MPS to PDF converter (version 2006.09.02).]
\scratchcounter=\count333
\scratchdimen=\dimen199
\scratchbox=\box58
\nofMPsegments=\count334
\nofMParguments=\count335
\everyMPshowfont=\toks35
\MPscratchCnt=\count336
\MPscratchDim=\dimen256
\MPnumerator=\count337
\makeMPintoPDFobject=\count338
\everyMPtoPDFconversion=\toks36
)
(d:/Instalar Programas/textlive/texlive/2025/texmf-dist/tex/latex/epstopdf-pkg/
epstopdf-base.sty
Package: epstopdf-base 2020-01-24 v2.11 Base part for package epstopdf
Package epstopdf-base Info: Redefining graphics rule for `.eps' on input line 4
85.

(d:/Instalar Programas/textlive/texlive/2025/texmf-dist/tex/latex/latexconfig/e
pstopdf-sys.cfg
File: epstopdf-sys.cfg 2010/07/13 v1.3 Configuration of (r)epstopdf for TeX Liv
e
))
\c@mv@tabular=\count339
\c@mv@boldtabular=\count340
LaTeX Info: Command `\dddot' is already robust on input line 57.
LaTeX Info: Command `\ddddot' is already robust on input line 57.
LaTeX Info: Redefining \. on input line 57.
LaTeX Info: Redefining \% on input line 57.

*geometry* driver: auto-detecting
*geometry* detected driver: pdftex
*geometry* verbose mode - [ preamble ] result:
* driver: pdftex
* paper: letterpaper
* layout: <same size as paper>
* layoutoffset:(h,v)=(0.0pt,0.0pt)
* modes: 
* h-part:(L,W,R)=(72.26999pt, 469.75502pt, 72.26999pt)
* v-part:(T,H,B)=(72.26999pt, 650.43001pt, 72.26999pt)
* \paperwidth=614.295pt
* \paperheight=794.96999pt
* \textwidth=469.75502pt
* \textheight=650.43001pt
* \oddsidemargin=0.0pt
* \evensidemargin=0.0pt
* \topmargin=-37.0pt
* \headheight=12.0pt
* \headsep=25.0pt
* \topskip=12.0pt
* \footskip=30.0pt
* \marginparwidth=44.0pt
* \marginparsep=10.0pt
* \columnsep=10.0pt
* \skip\footins=10.8pt plus 4.0pt minus 2.0pt
* \hoffset=0.0pt
* \voffset=0.0pt
* \mag=1000
* \@twocolumnfalse
* \@twosidefalse
* \@mparswitchfalse
* \@reversemarginfalse
* (1in=72.27pt=25.4mm, 1cm=28.453pt)


(d:/Instalar Programas/textlive/texlive/2025/texmf-dist/tex/latex/pdflscape/pdf
lscape.sty
Package: pdflscape 2025-06-23 v0.14 Display of landscape pages in PDF

(d:/Instalar Programas/textlive/texlive/2025/texmf-dist/tex/latex/pdflscape/pdf
lscape-nometadata.sty
Package: pdflscape-nometadata 2025-06-23 v0.14 Display of landscape pages in PD
F (HO)

(d:/Instalar Programas/textlive/texlive/2025/texmf-dist/tex/latex/graphics/lsca
pe.sty
Package: lscape 2020/05/28 v3.02 Landscape Pages (DPC)
)
Package pdflscape Info: Auto-detected driver: pdftex on input line 81.
))
Package hyperref Info: Link coloring ON on input line 57.
 (./INFORME APLICADA.out) (./INFORME APLICADA.out)
\@outlinefile=\write3
\openout3 = `"INFORME APLICADA.out"'.

<portadaU2/caratulaU.pdf, id=24, 614.295pt x 794.97pt>
File: portadaU2/caratulaU.pdf Graphic file (type pdf)
<use portadaU2/caratulaU.pdf>
Package pdftex.def Info: portadaU2/caratulaU.pdf  used on input line 59.
(pdftex.def)             Requested size: 614.29349pt x 794.96806pt.
<portadaU2/caratulaU.pdf, id=26, page=1, 614.295pt x 794.97pt>
File: portadaU2/caratulaU.pdf Graphic file (type pdf)
<use portadaU2/caratulaU.pdf, page 1>
Package pdftex.def Info: portadaU2/caratulaU.pdf , page1 used on input line 59.

(pdftex.def)             Requested size: 614.29349pt x 794.96806pt.
File: portadaU2/caratulaU.pdf Graphic file (type pdf)
<use portadaU2/caratulaU.pdf, page 1>
Package pdftex.def Info: portadaU2/caratulaU.pdf , page1 used on input line 59.

(pdftex.def)             Requested size: 614.58406pt x 795.3441pt.
File: portadaU2/caratulaU.pdf Graphic file (type pdf)
<use portadaU2/caratulaU.pdf, page 1>
Package pdftex.def Info: portadaU2/caratulaU.pdf , page1 used on input line 59.

(pdftex.def)             Requested size: 614.58406pt x 795.3441pt.
File: portadaU2/caratulaU.pdf Graphic file (type pdf)
<use portadaU2/caratulaU.pdf, page 1>
Package pdftex.def Info: portadaU2/caratulaU.pdf , page1 used on input line 59.

(pdftex.def)             Requested size: 614.58406pt x 795.3441pt.
File: portadaU2/caratulaU.pdf Graphic file (type pdf)
<use portadaU2/caratulaU.pdf, page 1>
Package pdftex.def Info: portadaU2/caratulaU.pdf , page1 used on input line 59.

(pdftex.def)             Requested size: 614.58406pt x 795.3441pt.
 [1


 <./portadaU2/caratulaU.pdf>]
<hoja/hojaadjunta.pdf, id=111, 614.295pt x 794.97pt>
File: hoja/hojaadjunta.pdf Graphic file (type pdf)
<use hoja/hojaadjunta.pdf>
Package pdftex.def Info: hoja/hojaadjunta.pdf  used on input line 64.
(pdftex.def)             Requested size: 614.29349pt x 794.96806pt.
<hoja/hojaadjunta.pdf, id=113, page=1, 614.295pt x 794.97pt>
File: hoja/hojaadjunta.pdf Graphic file (type pdf)
<use hoja/hojaadjunta.pdf, page 1>
Package pdftex.def Info: hoja/hojaadjunta.pdf , page1 used on input line 64.
(pdftex.def)             Requested size: 614.29349pt x 794.96806pt.
File: hoja/hojaadjunta.pdf Graphic file (type pdf)
<use hoja/hojaadjunta.pdf, page 1>
Package pdftex.def Info: hoja/hojaadjunta.pdf , page1 used on input line 64.
(pdftex.def)             Requested size: 614.58406pt x 795.3441pt.
File: hoja/hojaadjunta.pdf Graphic file (type pdf)
<use hoja/hojaadjunta.pdf, page 1>
Package pdftex.def Info: hoja/hojaadjunta.pdf , page1 used on input line 64.
(pdftex.def)             Requested size: 614.58406pt x 795.3441pt.
File: hoja/hojaadjunta.pdf Graphic file (type pdf)
<use hoja/hojaadjunta.pdf, page 1>
Package pdftex.def Info: hoja/hojaadjunta.pdf , page1 used on input line 64.
(pdftex.def)             Requested size: 614.58406pt x 795.3441pt.
File: hoja/hojaadjunta.pdf Graphic file (type pdf)
<use hoja/hojaadjunta.pdf, page 1>
Package pdftex.def Info: hoja/hojaadjunta.pdf , page1 used on input line 64.
(pdftex.def)             Requested size: 614.58406pt x 795.3441pt.
 [2

 <./hoja/hojaadjunta.pdf{d:/Instalar Programas/textlive/texlive/2025/texmf-var/
fonts/map/pdftex/updmap/pdftex.map}>]
<scaner/oficiofirmado.pdf, id=143, 614.295pt x 794.97pt>
File: scaner/oficiofirmado.pdf Graphic file (type pdf)
<use scaner/oficiofirmado.pdf>
Package pdftex.def Info: scaner/oficiofirmado.pdf  used on input line 77.
(pdftex.def)             Requested size: 614.29349pt x 794.96806pt.
<scaner/oficiofirmado.pdf, id=145, page=1, 614.295pt x 794.97pt>
File: scaner/oficiofirmado.pdf Graphic file (type pdf)
<use scaner/oficiofirmado.pdf, page 1>
Package pdftex.def Info: scaner/oficiofirmado.pdf , page1 used on input line 77
.
(pdftex.def)             Requested size: 614.29349pt x 794.96806pt.
File: scaner/oficiofirmado.pdf Graphic file (type pdf)
<use scaner/oficiofirmado.pdf, page 1>
Package pdftex.def Info: scaner/oficiofirmado.pdf , page1 used on input line 77
.
(pdftex.def)             Requested size: 522.15321pt x 675.72769pt.
File: scaner/oficiofirmado.pdf Graphic file (type pdf)
<use scaner/oficiofirmado.pdf, page 1>
Package pdftex.def Info: scaner/oficiofirmado.pdf , page1 used on input line 77
.
(pdftex.def)             Requested size: 522.15321pt x 675.72769pt.
File: scaner/oficiofirmado.pdf Graphic file (type pdf)
<use scaner/oficiofirmado.pdf, page 1>
Package pdftex.def Info: scaner/oficiofirmado.pdf , page1 used on input line 77
.
(pdftex.def)             Requested size: 522.15321pt x 675.72769pt.
File: scaner/oficiofirmado.pdf Graphic file (type pdf)
<use scaner/oficiofirmado.pdf, page 1>
Package pdftex.def Info: scaner/oficiofirmado.pdf , page1 used on input line 77
.
(pdftex.def)             Requested size: 522.15321pt x 675.72769pt.
 [3

 <./scaner/oficiofirmado.pdf

pdfTeX warning: pdflatex.exe (file ./scaner/oficiofirmado.pdf): PDF inclusion: 
Subtype in Resources dict is not a name (key 'Subtype', type <stream>); ignored
.
>]
<scaner/respuestaconesa.pdf, id=153, 614.295pt x 794.97pt>
File: scaner/respuestaconesa.pdf Graphic file (type pdf)
<use scaner/respuestaconesa.pdf>
Package pdftex.def Info: scaner/respuestaconesa.pdf  used on input line 87.
(pdftex.def)             Requested size: 614.29349pt x 794.96806pt.
<scaner/respuestaconesa.pdf, id=155, page=1, 614.295pt x 794.97pt>
File: scaner/respuestaconesa.pdf Graphic file (type pdf)
<use scaner/respuestaconesa.pdf, page 1>
Package pdftex.def Info: scaner/respuestaconesa.pdf , page1 used on input line 
87.
(pdftex.def)             Requested size: 614.29349pt x 794.96806pt.
File: scaner/respuestaconesa.pdf Graphic file (type pdf)
<use scaner/respuestaconesa.pdf, page 1>
Package pdftex.def Info: scaner/respuestaconesa.pdf , page1 used on input line 
87.
(pdftex.def)             Requested size: 522.15321pt x 675.72769pt.
File: scaner/respuestaconesa.pdf Graphic file (type pdf)
<use scaner/respuestaconesa.pdf, page 1>
Package pdftex.def Info: scaner/respuestaconesa.pdf , page1 used on input line 
87.
(pdftex.def)             Requested size: 522.15321pt x 675.72769pt.
File: scaner/respuestaconesa.pdf Graphic file (type pdf)
<use scaner/respuestaconesa.pdf, page 1>
Package pdftex.def Info: scaner/respuestaconesa.pdf , page1 used on input line 
87.
(pdftex.def)             Requested size: 522.15321pt x 675.72769pt.
File: scaner/respuestaconesa.pdf Graphic file (type pdf)
<use scaner/respuestaconesa.pdf, page 1>
Package pdftex.def Info: scaner/respuestaconesa.pdf , page1 used on input line 
87.
(pdftex.def)             Requested size: 522.15321pt x 675.72769pt.
 [4

 <./scaner/respuestaconesa.pdf

pdfTeX warning: pdflatex.exe (file ./scaner/respuestaconesa.pdf): PDF inclusion
: Subtype in Resources dict is not a name (key 'Subtype', type <stream>); ignor
ed.
>]
<scaner/finiquitoconesa.pdf, id=163, 614.295pt x 794.97pt>
File: scaner/finiquitoconesa.pdf Graphic file (type pdf)
<use scaner/finiquitoconesa.pdf>
Package pdftex.def Info: scaner/finiquitoconesa.pdf  used on input line 98.
(pdftex.def)             Requested size: 614.29349pt x 794.96806pt.
<scaner/finiquitoconesa.pdf, id=165, page=1, 614.295pt x 794.97pt>
File: scaner/finiquitoconesa.pdf Graphic file (type pdf)
<use scaner/finiquitoconesa.pdf, page 1>
Package pdftex.def Info: scaner/finiquitoconesa.pdf , page1 used on input line 
98.
(pdftex.def)             Requested size: 614.29349pt x 794.96806pt.
File: scaner/finiquitoconesa.pdf Graphic file (type pdf)
<use scaner/finiquitoconesa.pdf, page 1>
Package pdftex.def Info: scaner/finiquitoconesa.pdf , page1 used on input line 
98.
(pdftex.def)             Requested size: 522.15321pt x 675.72769pt.
File: scaner/finiquitoconesa.pdf Graphic file (type pdf)
<use scaner/finiquitoconesa.pdf, page 1>
Package pdftex.def Info: scaner/finiquitoconesa.pdf , page1 used on input line 
98.
(pdftex.def)             Requested size: 522.15321pt x 675.72769pt.
File: scaner/finiquitoconesa.pdf Graphic file (type pdf)
<use scaner/finiquitoconesa.pdf, page 1>
Package pdftex.def Info: scaner/finiquitoconesa.pdf , page1 used on input line 
98.
(pdftex.def)             Requested size: 522.15321pt x 675.72769pt.
File: scaner/finiquitoconesa.pdf Graphic file (type pdf)
<use scaner/finiquitoconesa.pdf, page 1>
Package pdftex.def Info: scaner/finiquitoconesa.pdf , page1 used on input line 
98.
(pdftex.def)             Requested size: 522.15321pt x 675.72769pt.
 [5

 <./scaner/finiquitoconesa.pdf

pdfTeX warning: pdflatex.exe (file ./scaner/finiquitoconesa.pdf): PDF inclusion
: Subtype in Resources dict is not a name (key 'Subtype', type <stream>); ignor
ed.
>]
<bitacora/bitacora.pdf, id=173, 614.295pt x 794.97pt>
File: bitacora/bitacora.pdf Graphic file (type pdf)
<use bitacora/bitacora.pdf>
Package pdftex.def Info: bitacora/bitacora.pdf  used on input line 108.
(pdftex.def)             Requested size: 614.29349pt x 794.96806pt.
<bitacora/bitacora.pdf, id=175, page=1, 614.295pt x 794.97pt>
File: bitacora/bitacora.pdf Graphic file (type pdf)
<use bitacora/bitacora.pdf, page 1>
Package pdftex.def Info: bitacora/bitacora.pdf , page1 used on input line 108.
(pdftex.def)             Requested size: 614.29349pt x 794.96806pt.
File: bitacora/bitacora.pdf Graphic file (type pdf)
<use bitacora/bitacora.pdf, page 1>
Package pdftex.def Info: bitacora/bitacora.pdf , page1 used on input line 108.
(pdftex.def)             Requested size: 614.58406pt x 795.3441pt.
File: bitacora/bitacora.pdf Graphic file (type pdf)
<use bitacora/bitacora.pdf, page 1>
Package pdftex.def Info: bitacora/bitacora.pdf , page1 used on input line 108.
(pdftex.def)             Requested size: 614.58406pt x 795.3441pt.
File: bitacora/bitacora.pdf Graphic file (type pdf)
<use bitacora/bitacora.pdf, page 1>
Package pdftex.def Info: bitacora/bitacora.pdf , page1 used on input line 108.
(pdftex.def)             Requested size: 614.58406pt x 795.3441pt.
File: bitacora/bitacora.pdf Graphic file (type pdf)
<use bitacora/bitacora.pdf, page 1>
Package pdftex.def Info: bitacora/bitacora.pdf , page1 used on input line 108.
(pdftex.def)             Requested size: 614.58406pt x 795.3441pt.
 [6

 <./bitacora/bitacora.pdf>]
<bitacora/bitacora.pdf, id=185, page=2, 614.295pt x 794.97pt>
File: bitacora/bitacora.pdf Graphic file (type pdf)
<use bitacora/bitacora.pdf, page 2>
Package pdftex.def Info: bitacora/bitacora.pdf , page2 used on input line 108.
(pdftex.def)             Requested size: 614.58406pt x 795.3441pt.
File: bitacora/bitacora.pdf Graphic file (type pdf)
<use bitacora/bitacora.pdf, page 2>
Package pdftex.def Info: bitacora/bitacora.pdf , page2 used on input line 108.
(pdftex.def)             Requested size: 614.58406pt x 795.3441pt.
File: bitacora/bitacora.pdf Graphic file (type pdf)
<use bitacora/bitacora.pdf, page 2>
Package pdftex.def Info: bitacora/bitacora.pdf , page2 used on input line 108.
(pdftex.def)             Requested size: 614.58406pt x 795.3441pt.
 [7

 <./bitacora/bitacora.pdf>]
<bitacora/bitacora.pdf, id=193, page=3, 614.295pt x 794.97pt>
File: bitacora/bitacora.pdf Graphic file (type pdf)
<use bitacora/bitacora.pdf, page 3>
Package pdftex.def Info: bitacora/bitacora.pdf , page3 used on input line 108.
(pdftex.def)             Requested size: 614.58406pt x 795.3441pt.
File: bitacora/bitacora.pdf Graphic file (type pdf)
<use bitacora/bitacora.pdf, page 3>
Package pdftex.def Info: bitacora/bitacora.pdf , page3 used on input line 108.
(pdftex.def)             Requested size: 614.58406pt x 795.3441pt.
File: bitacora/bitacora.pdf Graphic file (type pdf)
<use bitacora/bitacora.pdf, page 3>
Package pdftex.def Info: bitacora/bitacora.pdf , page3 used on input line 108.
(pdftex.def)             Requested size: 614.58406pt x 795.3441pt.
 [8

 <./bitacora/bitacora.pdf>]
<bitacora/bitacora.pdf, id=200, page=4, 614.295pt x 794.97pt>
File: bitacora/bitacora.pdf Graphic file (type pdf)
<use bitacora/bitacora.pdf, page 4>
Package pdftex.def Info: bitacora/bitacora.pdf , page4 used on input line 108.
(pdftex.def)             Requested size: 614.58406pt x 795.3441pt.
File: bitacora/bitacora.pdf Graphic file (type pdf)
<use bitacora/bitacora.pdf, page 4>
Package pdftex.def Info: bitacora/bitacora.pdf , page4 used on input line 108.
(pdftex.def)             Requested size: 614.58406pt x 795.3441pt.
File: bitacora/bitacora.pdf Graphic file (type pdf)
<use bitacora/bitacora.pdf, page 4>
Package pdftex.def Info: bitacora/bitacora.pdf , page4 used on input line 108.
(pdftex.def)             Requested size: 614.58406pt x 795.3441pt.
 [9

 <./bitacora/bitacora.pdf>]
<bitacora/bitacora.pdf, id=207, page=5, 614.295pt x 794.97pt>
File: bitacora/bitacora.pdf Graphic file (type pdf)
<use bitacora/bitacora.pdf, page 5>
Package pdftex.def Info: bitacora/bitacora.pdf , page5 used on input line 108.
(pdftex.def)             Requested size: 614.58406pt x 795.3441pt.
File: bitacora/bitacora.pdf Graphic file (type pdf)
<use bitacora/bitacora.pdf, page 5>
Package pdftex.def Info: bitacora/bitacora.pdf , page5 used on input line 108.
(pdftex.def)             Requested size: 614.58406pt x 795.3441pt.
File: bitacora/bitacora.pdf Graphic file (type pdf)
<use bitacora/bitacora.pdf, page 5>
Package pdftex.def Info: bitacora/bitacora.pdf , page5 used on input line 108.
(pdftex.def)             Requested size: 614.58406pt x 795.3441pt.
 [10

 <./bitacora/bitacora.pdf>]
<bitacora/bitacora.pdf, id=214, page=6, 614.295pt x 794.97pt>
File: bitacora/bitacora.pdf Graphic file (type pdf)
<use bitacora/bitacora.pdf, page 6>
Package pdftex.def Info: bitacora/bitacora.pdf , page6 used on input line 108.
(pdftex.def)             Requested size: 614.58406pt x 795.3441pt.
File: bitacora/bitacora.pdf Graphic file (type pdf)
<use bitacora/bitacora.pdf, page 6>
Package pdftex.def Info: bitacora/bitacora.pdf , page6 used on input line 108.
(pdftex.def)             Requested size: 614.58406pt x 795.3441pt.
File: bitacora/bitacora.pdf Graphic file (type pdf)
<use bitacora/bitacora.pdf, page 6>
Package pdftex.def Info: bitacora/bitacora.pdf , page6 used on input line 108.
(pdftex.def)             Requested size: 614.58406pt x 795.3441pt.

[11

 <./bitacora/bitacora.pdf>]
<bitacora/bitacora.pdf, id=221, page=7, 614.295pt x 794.97pt>
File: bitacora/bitacora.pdf Graphic file (type pdf)
<use bitacora/bitacora.pdf, page 7>
Package pdftex.def Info: bitacora/bitacora.pdf , page7 used on input line 108.
(pdftex.def)             Requested size: 614.58406pt x 795.3441pt.
File: bitacora/bitacora.pdf Graphic file (type pdf)
<use bitacora/bitacora.pdf, page 7>
Package pdftex.def Info: bitacora/bitacora.pdf , page7 used on input line 108.
(pdftex.def)             Requested size: 614.58406pt x 795.3441pt.
File: bitacora/bitacora.pdf Graphic file (type pdf)
<use bitacora/bitacora.pdf, page 7>
Package pdftex.def Info: bitacora/bitacora.pdf , page7 used on input line 108.
(pdftex.def)             Requested size: 614.58406pt x 795.3441pt.
 [12

 <./bitacora/bitacora.pdf>]
<bitacora/bitacora.pdf, id=228, page=8, 614.295pt x 794.97pt>
File: bitacora/bitacora.pdf Graphic file (type pdf)
<use bitacora/bitacora.pdf, page 8>
Package pdftex.def Info: bitacora/bitacora.pdf , page8 used on input line 108.
(pdftex.def)             Requested size: 614.58406pt x 795.3441pt.
File: bitacora/bitacora.pdf Graphic file (type pdf)
<use bitacora/bitacora.pdf, page 8>
Package pdftex.def Info: bitacora/bitacora.pdf , page8 used on input line 108.
(pdftex.def)             Requested size: 614.58406pt x 795.3441pt.
File: bitacora/bitacora.pdf Graphic file (type pdf)
<use bitacora/bitacora.pdf, page 8>
Package pdftex.def Info: bitacora/bitacora.pdf , page8 used on input line 108.
(pdftex.def)             Requested size: 614.58406pt x 795.3441pt.
 [13

 <./bitacora/bitacora.pdf>]
<bitacora/bitacora.pdf, id=236, page=9, 614.295pt x 794.97pt>
File: bitacora/bitacora.pdf Graphic file (type pdf)
<use bitacora/bitacora.pdf, page 9>
Package pdftex.def Info: bitacora/bitacora.pdf , page9 used on input line 108.
(pdftex.def)             Requested size: 614.58406pt x 795.3441pt.
File: bitacora/bitacora.pdf Graphic file (type pdf)
<use bitacora/bitacora.pdf, page 9>
Package pdftex.def Info: bitacora/bitacora.pdf , page9 used on input line 108.
(pdftex.def)             Requested size: 614.58406pt x 795.3441pt.
File: bitacora/bitacora.pdf Graphic file (type pdf)
<use bitacora/bitacora.pdf, page 9>
Package pdftex.def Info: bitacora/bitacora.pdf , page9 used on input line 108.
(pdftex.def)             Requested size: 614.58406pt x 795.3441pt.
 [14

 <./bitacora/bitacora.pdf>]
<bitacora/bitacora.pdf, id=243, page=10, 614.295pt x 794.97pt>
File: bitacora/bitacora.pdf Graphic file (type pdf)
<use bitacora/bitacora.pdf, page 10>
Package pdftex.def Info: bitacora/bitacora.pdf , page10 used on input line 108.

(pdftex.def)             Requested size: 614.58406pt x 795.3441pt.
File: bitacora/bitacora.pdf Graphic file (type pdf)
<use bitacora/bitacora.pdf, page 10>
Package pdftex.def Info: bitacora/bitacora.pdf , page10 used on input line 108.

(pdftex.def)             Requested size: 614.58406pt x 795.3441pt.
File: bitacora/bitacora.pdf Graphic file (type pdf)
<use bitacora/bitacora.pdf, page 10>
Package pdftex.def Info: bitacora/bitacora.pdf , page10 used on input line 108.

(pdftex.def)             Requested size: 614.58406pt x 795.3441pt.
 [15

 <./bitacora/bitacora.pdf>]
<bitacora/bitacora.pdf, id=250, page=11, 614.295pt x 794.97pt>
File: bitacora/bitacora.pdf Graphic file (type pdf)
<use bitacora/bitacora.pdf, page 11>
Package pdftex.def Info: bitacora/bitacora.pdf , page11 used on input line 108.

(pdftex.def)             Requested size: 614.58406pt x 795.3441pt.
File: bitacora/bitacora.pdf Graphic file (type pdf)
<use bitacora/bitacora.pdf, page 11>
Package pdftex.def Info: bitacora/bitacora.pdf , page11 used on input line 108.

(pdftex.def)             Requested size: 614.58406pt x 795.3441pt.
File: bitacora/bitacora.pdf Graphic file (type pdf)
<use bitacora/bitacora.pdf, page 11>
Package pdftex.def Info: bitacora/bitacora.pdf , page11 used on input line 108.

(pdftex.def)             Requested size: 614.58406pt x 795.3441pt.

[16

 <./bitacora/bitacora.pdf>]
<bitacora/bitacora.pdf, id=258, page=12, 614.295pt x 794.97pt>
File: bitacora/bitacora.pdf Graphic file (type pdf)
<use bitacora/bitacora.pdf, page 12>
Package pdftex.def Info: bitacora/bitacora.pdf , page12 used on input line 108.

(pdftex.def)             Requested size: 614.58406pt x 795.3441pt.
File: bitacora/bitacora.pdf Graphic file (type pdf)
<use bitacora/bitacora.pdf, page 12>
Package pdftex.def Info: bitacora/bitacora.pdf , page12 used on input line 108.

(pdftex.def)             Requested size: 614.58406pt x 795.3441pt.
File: bitacora/bitacora.pdf Graphic file (type pdf)
<use bitacora/bitacora.pdf, page 12>
Package pdftex.def Info: bitacora/bitacora.pdf , page12 used on input line 108.

(pdftex.def)             Requested size: 614.58406pt x 795.3441pt.
 [17

 <./bitacora/bitacora.pdf>]
<bitacora/bitacora.pdf, id=265, page=13, 614.295pt x 794.97pt>
File: bitacora/bitacora.pdf Graphic file (type pdf)
<use bitacora/bitacora.pdf, page 13>
Package pdftex.def Info: bitacora/bitacora.pdf , page13 used on input line 108.

(pdftex.def)             Requested size: 614.58406pt x 795.3441pt.
File: bitacora/bitacora.pdf Graphic file (type pdf)
<use bitacora/bitacora.pdf, page 13>
Package pdftex.def Info: bitacora/bitacora.pdf , page13 used on input line 108.

(pdftex.def)             Requested size: 614.58406pt x 795.3441pt.
File: bitacora/bitacora.pdf Graphic file (type pdf)
<use bitacora/bitacora.pdf, page 13>
Package pdftex.def Info: bitacora/bitacora.pdf , page13 used on input line 108.

(pdftex.def)             Requested size: 614.58406pt x 795.3441pt.
 [18

 <./bitacora/bitacora.pdf>]
<bitacora/bitacora.pdf, id=275, page=14, 614.295pt x 794.97pt>
File: bitacora/bitacora.pdf Graphic file (type pdf)
<use bitacora/bitacora.pdf, page 14>
Package pdftex.def Info: bitacora/bitacora.pdf , page14 used on input line 108.

(pdftex.def)             Requested size: 614.58406pt x 795.3441pt.
File: bitacora/bitacora.pdf Graphic file (type pdf)
<use bitacora/bitacora.pdf, page 14>
Package pdftex.def Info: bitacora/bitacora.pdf , page14 used on input line 108.

(pdftex.def)             Requested size: 614.58406pt x 795.3441pt.
File: bitacora/bitacora.pdf Graphic file (type pdf)
<use bitacora/bitacora.pdf, page 14>
Package pdftex.def Info: bitacora/bitacora.pdf , page14 used on input line 108.

(pdftex.def)             Requested size: 614.58406pt x 795.3441pt.
 [19

 <./bitacora/bitacora.pdf>]
<bitacora/bitacora.pdf, id=282, page=15, 614.295pt x 794.97pt>
File: bitacora/bitacora.pdf Graphic file (type pdf)
<use bitacora/bitacora.pdf, page 15>
Package pdftex.def Info: bitacora/bitacora.pdf , page15 used on input line 108.

(pdftex.def)             Requested size: 614.58406pt x 795.3441pt.
File: bitacora/bitacora.pdf Graphic file (type pdf)
<use bitacora/bitacora.pdf, page 15>
Package pdftex.def Info: bitacora/bitacora.pdf , page15 used on input line 108.

(pdftex.def)             Requested size: 614.58406pt x 795.3441pt.
File: bitacora/bitacora.pdf Graphic file (type pdf)
<use bitacora/bitacora.pdf, page 15>
Package pdftex.def Info: bitacora/bitacora.pdf , page15 used on input line 108.

(pdftex.def)             Requested size: 614.58406pt x 795.3441pt.
 [20

 <./bitacora/bitacora.pdf>]
<bitacora/bitacora.pdf, id=288, page=16, 614.295pt x 794.97pt>
File: bitacora/bitacora.pdf Graphic file (type pdf)
<use bitacora/bitacora.pdf, page 16>
Package pdftex.def Info: bitacora/bitacora.pdf , page16 used on input line 108.

(pdftex.def)             Requested size: 614.58406pt x 795.3441pt.
File: bitacora/bitacora.pdf Graphic file (type pdf)
<use bitacora/bitacora.pdf, page 16>
Package pdftex.def Info: bitacora/bitacora.pdf , page16 used on input line 108.

(pdftex.def)             Requested size: 614.58406pt x 795.3441pt.
File: bitacora/bitacora.pdf Graphic file (type pdf)
<use bitacora/bitacora.pdf, page 16>
Package pdftex.def Info: bitacora/bitacora.pdf , page16 used on input line 108.

(pdftex.def)             Requested size: 614.58406pt x 795.3441pt.

[21

 <./bitacora/bitacora.pdf>]
<bitacora/bitacora.pdf, id=294, page=17, 614.295pt x 794.97pt>
File: bitacora/bitacora.pdf Graphic file (type pdf)
<use bitacora/bitacora.pdf, page 17>
Package pdftex.def Info: bitacora/bitacora.pdf , page17 used on input line 108.

(pdftex.def)             Requested size: 614.58406pt x 795.3441pt.
File: bitacora/bitacora.pdf Graphic file (type pdf)
<use bitacora/bitacora.pdf, page 17>
Package pdftex.def Info: bitacora/bitacora.pdf , page17 used on input line 108.

(pdftex.def)             Requested size: 614.58406pt x 795.3441pt.
File: bitacora/bitacora.pdf Graphic file (type pdf)
<use bitacora/bitacora.pdf, page 17>
Package pdftex.def Info: bitacora/bitacora.pdf , page17 used on input line 108.

(pdftex.def)             Requested size: 614.58406pt x 795.3441pt.
 [22

 <./bitacora/bitacora.pdf>]
<bitacora/bitacora.pdf, id=300, page=18, 614.295pt x 794.97pt>
File: bitacora/bitacora.pdf Graphic file (type pdf)
<use bitacora/bitacora.pdf, page 18>
Package pdftex.def Info: bitacora/bitacora.pdf , page18 used on input line 108.

(pdftex.def)             Requested size: 614.58406pt x 795.3441pt.
File: bitacora/bitacora.pdf Graphic file (type pdf)
<use bitacora/bitacora.pdf, page 18>
Package pdftex.def Info: bitacora/bitacora.pdf , page18 used on input line 108.

(pdftex.def)             Requested size: 614.58406pt x 795.3441pt.
File: bitacora/bitacora.pdf Graphic file (type pdf)
<use bitacora/bitacora.pdf, page 18>
Package pdftex.def Info: bitacora/bitacora.pdf , page18 used on input line 108.

(pdftex.def)             Requested size: 614.58406pt x 795.3441pt.
 [23

 <./bitacora/bitacora.pdf>]
<bitacora/bitacora.pdf, id=306, page=19, 614.295pt x 794.97pt>
File: bitacora/bitacora.pdf Graphic file (type pdf)
<use bitacora/bitacora.pdf, page 19>
Package pdftex.def Info: bitacora/bitacora.pdf , page19 used on input line 108.

(pdftex.def)             Requested size: 614.58406pt x 795.3441pt.
File: bitacora/bitacora.pdf Graphic file (type pdf)
<use bitacora/bitacora.pdf, page 19>
Package pdftex.def Info: bitacora/bitacora.pdf , page19 used on input line 108.

(pdftex.def)             Requested size: 614.58406pt x 795.3441pt.
File: bitacora/bitacora.pdf Graphic file (type pdf)
<use bitacora/bitacora.pdf, page 19>
Package pdftex.def Info: bitacora/bitacora.pdf , page19 used on input line 108.

(pdftex.def)             Requested size: 614.58406pt x 795.3441pt.
 [24

 <./bitacora/bitacora.pdf>]
<bitacora/bitacora.pdf, id=312, page=20, 614.295pt x 794.97pt>
File: bitacora/bitacora.pdf Graphic file (type pdf)
<use bitacora/bitacora.pdf, page 20>
Package pdftex.def Info: bitacora/bitacora.pdf , page20 used on input line 108.

(pdftex.def)             Requested size: 614.58406pt x 795.3441pt.
File: bitacora/bitacora.pdf Graphic file (type pdf)
<use bitacora/bitacora.pdf, page 20>
Package pdftex.def Info: bitacora/bitacora.pdf , page20 used on input line 108.

(pdftex.def)             Requested size: 614.58406pt x 795.3441pt.
File: bitacora/bitacora.pdf Graphic file (type pdf)
<use bitacora/bitacora.pdf, page 20>
Package pdftex.def Info: bitacora/bitacora.pdf , page20 used on input line 108.

(pdftex.def)             Requested size: 614.58406pt x 795.3441pt.
 [25

 <./bitacora/bitacora.pdf>]
<bitacora/bitacora.pdf, id=319, page=21, 614.295pt x 794.97pt>
File: bitacora/bitacora.pdf Graphic file (type pdf)
<use bitacora/bitacora.pdf, page 21>
Package pdftex.def Info: bitacora/bitacora.pdf , page21 used on input line 108.

(pdftex.def)             Requested size: 614.58406pt x 795.3441pt.
File: bitacora/bitacora.pdf Graphic file (type pdf)
<use bitacora/bitacora.pdf, page 21>
Package pdftex.def Info: bitacora/bitacora.pdf , page21 used on input line 108.

(pdftex.def)             Requested size: 614.58406pt x 795.3441pt.
File: bitacora/bitacora.pdf Graphic file (type pdf)
<use bitacora/bitacora.pdf, page 21>
Package pdftex.def Info: bitacora/bitacora.pdf , page21 used on input line 108.

(pdftex.def)             Requested size: 614.58406pt x 795.3441pt.

[26

 <./bitacora/bitacora.pdf>]
<cuerpoinforme/cuerpoinforme.pdf, id=325, 614.295pt x 794.97pt>
File: cuerpoinforme/cuerpoinforme.pdf Graphic file (type pdf)
<use cuerpoinforme/cuerpoinforme.pdf>
Package pdftex.def Info: cuerpoinforme/cuerpoinforme.pdf  used on input line 12
1.
(pdftex.def)             Requested size: 614.29349pt x 794.96806pt.
<cuerpoinforme/cuerpoinforme.pdf, id=327, page=1, 614.295pt x 794.97pt>
File: cuerpoinforme/cuerpoinforme.pdf Graphic file (type pdf)
<use cuerpoinforme/cuerpoinforme.pdf, page 1>
Package pdftex.def Info: cuerpoinforme/cuerpoinforme.pdf , page1 used on input 
line 121.
(pdftex.def)             Requested size: 614.29349pt x 794.96806pt.
File: cuerpoinforme/cuerpoinforme.pdf Graphic file (type pdf)
<use cuerpoinforme/cuerpoinforme.pdf, page 1>
Package pdftex.def Info: cuerpoinforme/cuerpoinforme.pdf , page1 used on input 
line 121.
(pdftex.def)             Requested size: 614.58406pt x 795.3441pt.
File: cuerpoinforme/cuerpoinforme.pdf Graphic file (type pdf)
<use cuerpoinforme/cuerpoinforme.pdf, page 1>
Package pdftex.def Info: cuerpoinforme/cuerpoinforme.pdf , page1 used on input 
line 121.
(pdftex.def)             Requested size: 614.58406pt x 795.3441pt.
File: cuerpoinforme/cuerpoinforme.pdf Graphic file (type pdf)
<use cuerpoinforme/cuerpoinforme.pdf, page 1>
Package pdftex.def Info: cuerpoinforme/cuerpoinforme.pdf , page1 used on input 
line 121.
(pdftex.def)             Requested size: 614.58406pt x 795.3441pt.
File: cuerpoinforme/cuerpoinforme.pdf Graphic file (type pdf)
<use cuerpoinforme/cuerpoinforme.pdf, page 1>
Package pdftex.def Info: cuerpoinforme/cuerpoinforme.pdf , page1 used on input 
line 121.
(pdftex.def)             Requested size: 614.58406pt x 795.3441pt.
 [27

 <./cuerpoinforme/cuerpoinforme.pdf>]
<cuerpoinforme/cuerpoinforme.pdf, id=341, page=2, 614.295pt x 794.97pt>
File: cuerpoinforme/cuerpoinforme.pdf Graphic file (type pdf)
<use cuerpoinforme/cuerpoinforme.pdf, page 2>
Package pdftex.def Info: cuerpoinforme/cuerpoinforme.pdf , page2 used on input 
line 121.
(pdftex.def)             Requested size: 614.58406pt x 795.3441pt.
File: cuerpoinforme/cuerpoinforme.pdf Graphic file (type pdf)
<use cuerpoinforme/cuerpoinforme.pdf, page 2>
Package pdftex.def Info: cuerpoinforme/cuerpoinforme.pdf , page2 used on input 
line 121.
(pdftex.def)             Requested size: 614.58406pt x 795.3441pt.
File: cuerpoinforme/cuerpoinforme.pdf Graphic file (type pdf)
<use cuerpoinforme/cuerpoinforme.pdf, page 2>
Package pdftex.def Info: cuerpoinforme/cuerpoinforme.pdf , page2 used on input 
line 121.
(pdftex.def)             Requested size: 614.58406pt x 795.3441pt.

[28

 <./cuerpoinforme/cuerpoinforme.pdf>]
<cuerpoinforme/cuerpoinforme.pdf, id=346, page=3, 614.295pt x 794.97pt>
File: cuerpoinforme/cuerpoinforme.pdf Graphic file (type pdf)
<use cuerpoinforme/cuerpoinforme.pdf, page 3>
Package pdftex.def Info: cuerpoinforme/cuerpoinforme.pdf , page3 used on input 
line 121.
(pdftex.def)             Requested size: 614.58406pt x 795.3441pt.
File: cuerpoinforme/cuerpoinforme.pdf Graphic file (type pdf)
<use cuerpoinforme/cuerpoinforme.pdf, page 3>
Package pdftex.def Info: cuerpoinforme/cuerpoinforme.pdf , page3 used on input 
line 121.
(pdftex.def)             Requested size: 614.58406pt x 795.3441pt.
File: cuerpoinforme/cuerpoinforme.pdf Graphic file (type pdf)
<use cuerpoinforme/cuerpoinforme.pdf, page 3>
Package pdftex.def Info: cuerpoinforme/cuerpoinforme.pdf , page3 used on input 
line 121.
(pdftex.def)             Requested size: 614.58406pt x 795.3441pt.
 [29

 <./cuerpoinforme/cuerpoinforme.pdf>]
<cuerpoinforme/cuerpoinforme.pdf, id=357, page=4, 614.295pt x 794.97pt>
File: cuerpoinforme/cuerpoinforme.pdf Graphic file (type pdf)
<use cuerpoinforme/cuerpoinforme.pdf, page 4>
Package pdftex.def Info: cuerpoinforme/cuerpoinforme.pdf , page4 used on input 
line 121.
(pdftex.def)             Requested size: 614.58406pt x 795.3441pt.
File: cuerpoinforme/cuerpoinforme.pdf Graphic file (type pdf)
<use cuerpoinforme/cuerpoinforme.pdf, page 4>
Package pdftex.def Info: cuerpoinforme/cuerpoinforme.pdf , page4 used on input 
line 121.
(pdftex.def)             Requested size: 614.58406pt x 795.3441pt.
File: cuerpoinforme/cuerpoinforme.pdf Graphic file (type pdf)
<use cuerpoinforme/cuerpoinforme.pdf, page 4>
Package pdftex.def Info: cuerpoinforme/cuerpoinforme.pdf , page4 used on input 
line 121.
(pdftex.def)             Requested size: 614.58406pt x 795.3441pt.
 [30

 <./cuerpoinforme/cuerpoinforme.pdf>]
<cuerpoinforme/cuerpoinforme.pdf, id=363, page=5, 614.295pt x 794.97pt>
File: cuerpoinforme/cuerpoinforme.pdf Graphic file (type pdf)
<use cuerpoinforme/cuerpoinforme.pdf, page 5>
Package pdftex.def Info: cuerpoinforme/cuerpoinforme.pdf , page5 used on input 
line 121.
(pdftex.def)             Requested size: 614.58406pt x 795.3441pt.
File: cuerpoinforme/cuerpoinforme.pdf Graphic file (type pdf)
<use cuerpoinforme/cuerpoinforme.pdf, page 5>
Package pdftex.def Info: cuerpoinforme/cuerpoinforme.pdf , page5 used on input 
line 121.
(pdftex.def)             Requested size: 614.58406pt x 795.3441pt.
File: cuerpoinforme/cuerpoinforme.pdf Graphic file (type pdf)
<use cuerpoinforme/cuerpoinforme.pdf, page 5>
Package pdftex.def Info: cuerpoinforme/cuerpoinforme.pdf , page5 used on input 
line 121.
(pdftex.def)             Requested size: 614.58406pt x 795.3441pt.
 [31

 <./cuerpoinforme/cuerpoinforme.pdf>]
<cuerpoinforme/cuerpoinforme.pdf, id=369, page=6, 614.295pt x 794.97pt>
File: cuerpoinforme/cuerpoinforme.pdf Graphic file (type pdf)
<use cuerpoinforme/cuerpoinforme.pdf, page 6>
Package pdftex.def Info: cuerpoinforme/cuerpoinforme.pdf , page6 used on input 
line 121.
(pdftex.def)             Requested size: 614.58406pt x 795.3441pt.
File: cuerpoinforme/cuerpoinforme.pdf Graphic file (type pdf)
<use cuerpoinforme/cuerpoinforme.pdf, page 6>
Package pdftex.def Info: cuerpoinforme/cuerpoinforme.pdf , page6 used on input 
line 121.
(pdftex.def)             Requested size: 614.58406pt x 795.3441pt.
File: cuerpoinforme/cuerpoinforme.pdf Graphic file (type pdf)
<use cuerpoinforme/cuerpoinforme.pdf, page 6>
Package pdftex.def Info: cuerpoinforme/cuerpoinforme.pdf , page6 used on input 
line 121.
(pdftex.def)             Requested size: 614.58406pt x 795.3441pt.
 [32

 <./cuerpoinforme/cuerpoinforme.pdf>]
<cuerpoinforme/cuerpoinforme.pdf, id=375, page=7, 614.295pt x 794.97pt>
File: cuerpoinforme/cuerpoinforme.pdf Graphic file (type pdf)
<use cuerpoinforme/cuerpoinforme.pdf, page 7>
Package pdftex.def Info: cuerpoinforme/cuerpoinforme.pdf , page7 used on input 
line 121.
(pdftex.def)             Requested size: 614.58406pt x 795.3441pt.
File: cuerpoinforme/cuerpoinforme.pdf Graphic file (type pdf)
<use cuerpoinforme/cuerpoinforme.pdf, page 7>
Package pdftex.def Info: cuerpoinforme/cuerpoinforme.pdf , page7 used on input 
line 121.
(pdftex.def)             Requested size: 614.58406pt x 795.3441pt.
File: cuerpoinforme/cuerpoinforme.pdf Graphic file (type pdf)
<use cuerpoinforme/cuerpoinforme.pdf, page 7>
Package pdftex.def Info: cuerpoinforme/cuerpoinforme.pdf , page7 used on input 
line 121.
(pdftex.def)             Requested size: 614.58406pt x 795.3441pt.
 [33

 <./cuerpoinforme/cuerpoinforme.pdf>]
<cuerpoinforme/cuerpoinforme.pdf, id=381, page=8, 614.295pt x 794.97pt>
File: cuerpoinforme/cuerpoinforme.pdf Graphic file (type pdf)
<use cuerpoinforme/cuerpoinforme.pdf, page 8>
Package pdftex.def Info: cuerpoinforme/cuerpoinforme.pdf , page8 used on input 
line 121.
(pdftex.def)             Requested size: 614.58406pt x 795.3441pt.
File: cuerpoinforme/cuerpoinforme.pdf Graphic file (type pdf)
<use cuerpoinforme/cuerpoinforme.pdf, page 8>
Package pdftex.def Info: cuerpoinforme/cuerpoinforme.pdf , page8 used on input 
line 121.
(pdftex.def)             Requested size: 614.58406pt x 795.3441pt.
File: cuerpoinforme/cuerpoinforme.pdf Graphic file (type pdf)
<use cuerpoinforme/cuerpoinforme.pdf, page 8>
Package pdftex.def Info: cuerpoinforme/cuerpoinforme.pdf , page8 used on input 
line 121.
(pdftex.def)             Requested size: 614.58406pt x 795.3441pt.
 [34

 <./cuerpoinforme/cuerpoinforme.pdf>]
<cuerpoinforme/cuerpoinforme.pdf, id=386, page=9, 614.295pt x 794.97pt>
File: cuerpoinforme/cuerpoinforme.pdf Graphic file (type pdf)
<use cuerpoinforme/cuerpoinforme.pdf, page 9>
Package pdftex.def Info: cuerpoinforme/cuerpoinforme.pdf , page9 used on input 
line 121.
(pdftex.def)             Requested size: 614.58406pt x 795.3441pt.
File: cuerpoinforme/cuerpoinforme.pdf Graphic file (type pdf)
<use cuerpoinforme/cuerpoinforme.pdf, page 9>
Package pdftex.def Info: cuerpoinforme/cuerpoinforme.pdf , page9 used on input 
line 121.
(pdftex.def)             Requested size: 614.58406pt x 795.3441pt.
File: cuerpoinforme/cuerpoinforme.pdf Graphic file (type pdf)
<use cuerpoinforme/cuerpoinforme.pdf, page 9>
Package pdftex.def Info: cuerpoinforme/cuerpoinforme.pdf , page9 used on input 
line 121.
(pdftex.def)             Requested size: 614.58406pt x 795.3441pt.
 [35

 <./cuerpoinforme/cuerpoinforme.pdf>]
<cuerpoinforme/cuerpoinforme.pdf, id=391, page=10, 614.295pt x 794.97pt>
File: cuerpoinforme/cuerpoinforme.pdf Graphic file (type pdf)
<use cuerpoinforme/cuerpoinforme.pdf, page 10>
Package pdftex.def Info: cuerpoinforme/cuerpoinforme.pdf , page10 used on input
 line 121.
(pdftex.def)             Requested size: 614.58406pt x 795.3441pt.
File: cuerpoinforme/cuerpoinforme.pdf Graphic file (type pdf)
<use cuerpoinforme/cuerpoinforme.pdf, page 10>
Package pdftex.def Info: cuerpoinforme/cuerpoinforme.pdf , page10 used on input
 line 121.
(pdftex.def)             Requested size: 614.58406pt x 795.3441pt.
File: cuerpoinforme/cuerpoinforme.pdf Graphic file (type pdf)
<use cuerpoinforme/cuerpoinforme.pdf, page 10>
Package pdftex.def Info: cuerpoinforme/cuerpoinforme.pdf , page10 used on input
 line 121.
(pdftex.def)             Requested size: 614.58406pt x 795.3441pt.
 [36

 <./cuerpoinforme/cuerpoinforme.pdf>]
<cuerpoinforme/cuerpoinforme.pdf, id=396, page=11, 614.295pt x 794.97pt>
File: cuerpoinforme/cuerpoinforme.pdf Graphic file (type pdf)
<use cuerpoinforme/cuerpoinforme.pdf, page 11>
Package pdftex.def Info: cuerpoinforme/cuerpoinforme.pdf , page11 used on input
 line 121.
(pdftex.def)             Requested size: 614.58406pt x 795.3441pt.
File: cuerpoinforme/cuerpoinforme.pdf Graphic file (type pdf)
<use cuerpoinforme/cuerpoinforme.pdf, page 11>
Package pdftex.def Info: cuerpoinforme/cuerpoinforme.pdf , page11 used on input
 line 121.
(pdftex.def)             Requested size: 614.58406pt x 795.3441pt.
File: cuerpoinforme/cuerpoinforme.pdf Graphic file (type pdf)
<use cuerpoinforme/cuerpoinforme.pdf, page 11>
Package pdftex.def Info: cuerpoinforme/cuerpoinforme.pdf , page11 used on input
 line 121.
(pdftex.def)             Requested size: 614.58406pt x 795.3441pt.
 [37

 <./cuerpoinforme/cuerpoinforme.pdf>]
<cuerpoinforme/cuerpoinforme.pdf, id=426, page=12, 614.295pt x 794.97pt>
File: cuerpoinforme/cuerpoinforme.pdf Graphic file (type pdf)
<use cuerpoinforme/cuerpoinforme.pdf, page 12>
Package pdftex.def Info: cuerpoinforme/cuerpoinforme.pdf , page12 used on input
 line 121.
(pdftex.def)             Requested size: 614.58406pt x 795.3441pt.
File: cuerpoinforme/cuerpoinforme.pdf Graphic file (type pdf)
<use cuerpoinforme/cuerpoinforme.pdf, page 12>
Package pdftex.def Info: cuerpoinforme/cuerpoinforme.pdf , page12 used on input
 line 121.
(pdftex.def)             Requested size: 614.58406pt x 795.3441pt.
File: cuerpoinforme/cuerpoinforme.pdf Graphic file (type pdf)
<use cuerpoinforme/cuerpoinforme.pdf, page 12>
Package pdftex.def Info: cuerpoinforme/cuerpoinforme.pdf , page12 used on input
 line 121.
(pdftex.def)             Requested size: 614.58406pt x 795.3441pt.
 [38

 <./cuerpoinforme/cuerpoinforme.pdf>]
<cuerpoinforme/cuerpoinforme.pdf, id=431, page=13, 614.295pt x 794.97pt>
File: cuerpoinforme/cuerpoinforme.pdf Graphic file (type pdf)
<use cuerpoinforme/cuerpoinforme.pdf, page 13>
Package pdftex.def Info: cuerpoinforme/cuerpoinforme.pdf , page13 used on input
 line 121.
(pdftex.def)             Requested size: 614.58406pt x 795.3441pt.
File: cuerpoinforme/cuerpoinforme.pdf Graphic file (type pdf)
<use cuerpoinforme/cuerpoinforme.pdf, page 13>
Package pdftex.def Info: cuerpoinforme/cuerpoinforme.pdf , page13 used on input
 line 121.
(pdftex.def)             Requested size: 614.58406pt x 795.3441pt.
File: cuerpoinforme/cuerpoinforme.pdf Graphic file (type pdf)
<use cuerpoinforme/cuerpoinforme.pdf, page 13>
Package pdftex.def Info: cuerpoinforme/cuerpoinforme.pdf , page13 used on input
 line 121.
(pdftex.def)             Requested size: 614.58406pt x 795.3441pt.
 [39

 <./cuerpoinforme/cuerpoinforme.pdf>]
<cuerpoinforme/cuerpoinforme.pdf, id=436, page=14, 614.295pt x 794.97pt>
File: cuerpoinforme/cuerpoinforme.pdf Graphic file (type pdf)
<use cuerpoinforme/cuerpoinforme.pdf, page 14>
Package pdftex.def Info: cuerpoinforme/cuerpoinforme.pdf , page14 used on input
 line 121.
(pdftex.def)             Requested size: 614.58406pt x 795.3441pt.
File: cuerpoinforme/cuerpoinforme.pdf Graphic file (type pdf)
<use cuerpoinforme/cuerpoinforme.pdf, page 14>
Package pdftex.def Info: cuerpoinforme/cuerpoinforme.pdf , page14 used on input
 line 121.
(pdftex.def)             Requested size: 614.58406pt x 795.3441pt.
File: cuerpoinforme/cuerpoinforme.pdf Graphic file (type pdf)
<use cuerpoinforme/cuerpoinforme.pdf, page 14>
Package pdftex.def Info: cuerpoinforme/cuerpoinforme.pdf , page14 used on input
 line 121.
(pdftex.def)             Requested size: 614.58406pt x 795.3441pt.
 [40

 <./cuerpoinforme/cuerpoinforme.pdf>]
<cuerpoinforme/cuerpoinforme.pdf, id=442, page=15, 614.295pt x 794.97pt>
File: cuerpoinforme/cuerpoinforme.pdf Graphic file (type pdf)
<use cuerpoinforme/cuerpoinforme.pdf, page 15>
Package pdftex.def Info: cuerpoinforme/cuerpoinforme.pdf , page15 used on input
 line 121.
(pdftex.def)             Requested size: 614.58406pt x 795.3441pt.
File: cuerpoinforme/cuerpoinforme.pdf Graphic file (type pdf)
<use cuerpoinforme/cuerpoinforme.pdf, page 15>
Package pdftex.def Info: cuerpoinforme/cuerpoinforme.pdf , page15 used on input
 line 121.
(pdftex.def)             Requested size: 614.58406pt x 795.3441pt.
File: cuerpoinforme/cuerpoinforme.pdf Graphic file (type pdf)
<use cuerpoinforme/cuerpoinforme.pdf, page 15>
Package pdftex.def Info: cuerpoinforme/cuerpoinforme.pdf , page15 used on input
 line 121.
(pdftex.def)             Requested size: 614.58406pt x 795.3441pt.
 [41

 <./cuerpoinforme/cuerpoinforme.pdf>]
<cuerpoinforme/cuerpoinforme.pdf, id=447, page=16, 614.295pt x 794.97pt>
File: cuerpoinforme/cuerpoinforme.pdf Graphic file (type pdf)
<use cuerpoinforme/cuerpoinforme.pdf, page 16>
Package pdftex.def Info: cuerpoinforme/cuerpoinforme.pdf , page16 used on input
 line 121.
(pdftex.def)             Requested size: 614.58406pt x 795.3441pt.
File: cuerpoinforme/cuerpoinforme.pdf Graphic file (type pdf)
<use cuerpoinforme/cuerpoinforme.pdf, page 16>
Package pdftex.def Info: cuerpoinforme/cuerpoinforme.pdf , page16 used on input
 line 121.
(pdftex.def)             Requested size: 614.58406pt x 795.3441pt.
File: cuerpoinforme/cuerpoinforme.pdf Graphic file (type pdf)
<use cuerpoinforme/cuerpoinforme.pdf, page 16>
Package pdftex.def Info: cuerpoinforme/cuerpoinforme.pdf , page16 used on input
 line 121.
(pdftex.def)             Requested size: 614.58406pt x 795.3441pt.
 [42

 <./cuerpoinforme/cuerpoinforme.pdf>]
<cuerpoinforme/cuerpoinforme.pdf, id=453, page=17, 614.295pt x 794.97pt>
File: cuerpoinforme/cuerpoinforme.pdf Graphic file (type pdf)
<use cuerpoinforme/cuerpoinforme.pdf, page 17>
Package pdftex.def Info: cuerpoinforme/cuerpoinforme.pdf , page17 used on input
 line 121.
(pdftex.def)             Requested size: 614.58406pt x 795.3441pt.
File: cuerpoinforme/cuerpoinforme.pdf Graphic file (type pdf)
<use cuerpoinforme/cuerpoinforme.pdf, page 17>
Package pdftex.def Info: cuerpoinforme/cuerpoinforme.pdf , page17 used on input
 line 121.
(pdftex.def)             Requested size: 614.58406pt x 795.3441pt.
File: cuerpoinforme/cuerpoinforme.pdf Graphic file (type pdf)
<use cuerpoinforme/cuerpoinforme.pdf, page 17>
Package pdftex.def Info: cuerpoinforme/cuerpoinforme.pdf , page17 used on input
 line 121.
(pdftex.def)             Requested size: 614.58406pt x 795.3441pt.
 [43

 <./cuerpoinforme/cuerpoinforme.pdf>]
<cuerpoinforme/cuerpoinforme.pdf, id=461, page=18, 614.295pt x 794.97pt>
File: cuerpoinforme/cuerpoinforme.pdf Graphic file (type pdf)
<use cuerpoinforme/cuerpoinforme.pdf, page 18>
Package pdftex.def Info: cuerpoinforme/cuerpoinforme.pdf , page18 used on input
 line 121.
(pdftex.def)             Requested size: 614.58406pt x 795.3441pt.
File: cuerpoinforme/cuerpoinforme.pdf Graphic file (type pdf)
<use cuerpoinforme/cuerpoinforme.pdf, page 18>
Package pdftex.def Info: cuerpoinforme/cuerpoinforme.pdf , page18 used on input
 line 121.
(pdftex.def)             Requested size: 614.58406pt x 795.3441pt.
File: cuerpoinforme/cuerpoinforme.pdf Graphic file (type pdf)
<use cuerpoinforme/cuerpoinforme.pdf, page 18>
Package pdftex.def Info: cuerpoinforme/cuerpoinforme.pdf , page18 used on input
 line 121.
(pdftex.def)             Requested size: 614.58406pt x 795.3441pt.
 [44

 <./cuerpoinforme/cuerpoinforme.pdf>]
<cuerpoinforme/cuerpoinforme.pdf, id=467, page=19, 614.295pt x 794.97pt>
File: cuerpoinforme/cuerpoinforme.pdf Graphic file (type pdf)
<use cuerpoinforme/cuerpoinforme.pdf, page 19>
Package pdftex.def Info: cuerpoinforme/cuerpoinforme.pdf , page19 used on input
 line 121.
(pdftex.def)             Requested size: 614.58406pt x 795.3441pt.
File: cuerpoinforme/cuerpoinforme.pdf Graphic file (type pdf)
<use cuerpoinforme/cuerpoinforme.pdf, page 19>
Package pdftex.def Info: cuerpoinforme/cuerpoinforme.pdf , page19 used on input
 line 121.
(pdftex.def)             Requested size: 614.58406pt x 795.3441pt.
File: cuerpoinforme/cuerpoinforme.pdf Graphic file (type pdf)
<use cuerpoinforme/cuerpoinforme.pdf, page 19>
Package pdftex.def Info: cuerpoinforme/cuerpoinforme.pdf , page19 used on input
 line 121.
(pdftex.def)             Requested size: 614.58406pt x 795.3441pt.
 [45

 <./cuerpoinforme/cuerpoinforme.pdf>]
<cuerpoinforme/cuerpoinforme.pdf, id=474, page=20, 614.295pt x 794.97pt>
File: cuerpoinforme/cuerpoinforme.pdf Graphic file (type pdf)
<use cuerpoinforme/cuerpoinforme.pdf, page 20>
Package pdftex.def Info: cuerpoinforme/cuerpoinforme.pdf , page20 used on input
 line 121.
(pdftex.def)             Requested size: 614.58406pt x 795.3441pt.
File: cuerpoinforme/cuerpoinforme.pdf Graphic file (type pdf)
<use cuerpoinforme/cuerpoinforme.pdf, page 20>
Package pdftex.def Info: cuerpoinforme/cuerpoinforme.pdf , page20 used on input
 line 121.
(pdftex.def)             Requested size: 614.58406pt x 795.3441pt.
File: cuerpoinforme/cuerpoinforme.pdf Graphic file (type pdf)
<use cuerpoinforme/cuerpoinforme.pdf, page 20>
Package pdftex.def Info: cuerpoinforme/cuerpoinforme.pdf , page20 used on input
 line 121.
(pdftex.def)             Requested size: 614.58406pt x 795.3441pt.
 [46

 <./cuerpoinforme/cuerpoinforme.pdf>]
<cuerpoinforme/cuerpoinforme.pdf, id=480, page=21, 614.295pt x 794.97pt>
File: cuerpoinforme/cuerpoinforme.pdf Graphic file (type pdf)
<use cuerpoinforme/cuerpoinforme.pdf, page 21>
Package pdftex.def Info: cuerpoinforme/cuerpoinforme.pdf , page21 used on input
 line 121.
(pdftex.def)             Requested size: 614.58406pt x 795.3441pt.
File: cuerpoinforme/cuerpoinforme.pdf Graphic file (type pdf)
<use cuerpoinforme/cuerpoinforme.pdf, page 21>
Package pdftex.def Info: cuerpoinforme/cuerpoinforme.pdf , page21 used on input
 line 121.
(pdftex.def)             Requested size: 614.58406pt x 795.3441pt.
File: cuerpoinforme/cuerpoinforme.pdf Graphic file (type pdf)
<use cuerpoinforme/cuerpoinforme.pdf, page 21>
Package pdftex.def Info: cuerpoinforme/cuerpoinforme.pdf , page21 used on input
 line 121.
(pdftex.def)             Requested size: 614.58406pt x 795.3441pt.
 [47

 <./cuerpoinforme/cuerpoinforme.pdf>]
<cuerpoinforme/cuerpoinforme.pdf, id=487, page=22, 614.295pt x 794.97pt>
File: cuerpoinforme/cuerpoinforme.pdf Graphic file (type pdf)
<use cuerpoinforme/cuerpoinforme.pdf, page 22>
Package pdftex.def Info: cuerpoinforme/cuerpoinforme.pdf , page22 used on input
 line 121.
(pdftex.def)             Requested size: 614.58406pt x 795.3441pt.
File: cuerpoinforme/cuerpoinforme.pdf Graphic file (type pdf)
<use cuerpoinforme/cuerpoinforme.pdf, page 22>
Package pdftex.def Info: cuerpoinforme/cuerpoinforme.pdf , page22 used on input
 line 121.
(pdftex.def)             Requested size: 614.58406pt x 795.3441pt.
File: cuerpoinforme/cuerpoinforme.pdf Graphic file (type pdf)
<use cuerpoinforme/cuerpoinforme.pdf, page 22>
Package pdftex.def Info: cuerpoinforme/cuerpoinforme.pdf , page22 used on input
 line 121.
(pdftex.def)             Requested size: 614.58406pt x 795.3441pt.
 [48

 <./cuerpoinforme/cuerpoinforme.pdf>]
<cuerpoinforme/cuerpoinforme.pdf, id=494, page=23, 614.295pt x 794.97pt>
File: cuerpoinforme/cuerpoinforme.pdf Graphic file (type pdf)
<use cuerpoinforme/cuerpoinforme.pdf, page 23>
Package pdftex.def Info: cuerpoinforme/cuerpoinforme.pdf , page23 used on input
 line 121.
(pdftex.def)             Requested size: 614.58406pt x 795.3441pt.
File: cuerpoinforme/cuerpoinforme.pdf Graphic file (type pdf)
<use cuerpoinforme/cuerpoinforme.pdf, page 23>
Package pdftex.def Info: cuerpoinforme/cuerpoinforme.pdf , page23 used on input
 line 121.
(pdftex.def)             Requested size: 614.58406pt x 795.3441pt.
File: cuerpoinforme/cuerpoinforme.pdf Graphic file (type pdf)
<use cuerpoinforme/cuerpoinforme.pdf, page 23>
Package pdftex.def Info: cuerpoinforme/cuerpoinforme.pdf , page23 used on input
 line 121.
(pdftex.def)             Requested size: 614.58406pt x 795.3441pt.
 [49

 <./cuerpoinforme/cuerpoinforme.pdf>]
<cuerpoinforme/cuerpoinforme.pdf, id=501, page=24, 614.295pt x 794.97pt>
File: cuerpoinforme/cuerpoinforme.pdf Graphic file (type pdf)
<use cuerpoinforme/cuerpoinforme.pdf, page 24>
Package pdftex.def Info: cuerpoinforme/cuerpoinforme.pdf , page24 used on input
 line 121.
(pdftex.def)             Requested size: 614.58406pt x 795.3441pt.
File: cuerpoinforme/cuerpoinforme.pdf Graphic file (type pdf)
<use cuerpoinforme/cuerpoinforme.pdf, page 24>
Package pdftex.def Info: cuerpoinforme/cuerpoinforme.pdf , page24 used on input
 line 121.
(pdftex.def)             Requested size: 614.58406pt x 795.3441pt.
File: cuerpoinforme/cuerpoinforme.pdf Graphic file (type pdf)
<use cuerpoinforme/cuerpoinforme.pdf, page 24>
Package pdftex.def Info: cuerpoinforme/cuerpoinforme.pdf , page24 used on input
 line 121.
(pdftex.def)             Requested size: 614.58406pt x 795.3441pt.
 [50

 <./cuerpoinforme/cuerpoinforme.pdf>]
<cuerpoinforme/cuerpoinforme.pdf, id=508, page=25, 614.295pt x 794.97pt>
File: cuerpoinforme/cuerpoinforme.pdf Graphic file (type pdf)
<use cuerpoinforme/cuerpoinforme.pdf, page 25>
Package pdftex.def Info: cuerpoinforme/cuerpoinforme.pdf , page25 used on input
 line 121.
(pdftex.def)             Requested size: 614.58406pt x 795.3441pt.
File: cuerpoinforme/cuerpoinforme.pdf Graphic file (type pdf)
<use cuerpoinforme/cuerpoinforme.pdf, page 25>
Package pdftex.def Info: cuerpoinforme/cuerpoinforme.pdf , page25 used on input
 line 121.
(pdftex.def)             Requested size: 614.58406pt x 795.3441pt.
File: cuerpoinforme/cuerpoinforme.pdf Graphic file (type pdf)
<use cuerpoinforme/cuerpoinforme.pdf, page 25>
Package pdftex.def Info: cuerpoinforme/cuerpoinforme.pdf , page25 used on input
 line 121.
(pdftex.def)             Requested size: 614.58406pt x 795.3441pt.

[51

 <./cuerpoinforme/cuerpoinforme.pdf>]
<cuerpoinforme/cuerpoinforme.pdf, id=514, page=26, 614.295pt x 794.97pt>
File: cuerpoinforme/cuerpoinforme.pdf Graphic file (type pdf)
<use cuerpoinforme/cuerpoinforme.pdf, page 26>
Package pdftex.def Info: cuerpoinforme/cuerpoinforme.pdf , page26 used on input
 line 121.
(pdftex.def)             Requested size: 614.58406pt x 795.3441pt.
File: cuerpoinforme/cuerpoinforme.pdf Graphic file (type pdf)
<use cuerpoinforme/cuerpoinforme.pdf, page 26>
Package pdftex.def Info: cuerpoinforme/cuerpoinforme.pdf , page26 used on input
 line 121.
(pdftex.def)             Requested size: 614.58406pt x 795.3441pt.
File: cuerpoinforme/cuerpoinforme.pdf Graphic file (type pdf)
<use cuerpoinforme/cuerpoinforme.pdf, page 26>
Package pdftex.def Info: cuerpoinforme/cuerpoinforme.pdf , page26 used on input
 line 121.
(pdftex.def)             Requested size: 614.58406pt x 795.3441pt.
 [52

 <./cuerpoinforme/cuerpoinforme.pdf>]
<cuerpoinforme/cuerpoinforme.pdf, id=520, page=27, 614.295pt x 794.97pt>
File: cuerpoinforme/cuerpoinforme.pdf Graphic file (type pdf)
<use cuerpoinforme/cuerpoinforme.pdf, page 27>
Package pdftex.def Info: cuerpoinforme/cuerpoinforme.pdf , page27 used on input
 line 121.
(pdftex.def)             Requested size: 614.58406pt x 795.3441pt.
File: cuerpoinforme/cuerpoinforme.pdf Graphic file (type pdf)
<use cuerpoinforme/cuerpoinforme.pdf, page 27>
Package pdftex.def Info: cuerpoinforme/cuerpoinforme.pdf , page27 used on input
 line 121.
(pdftex.def)             Requested size: 614.58406pt x 795.3441pt.
File: cuerpoinforme/cuerpoinforme.pdf Graphic file (type pdf)
<use cuerpoinforme/cuerpoinforme.pdf, page 27>
Package pdftex.def Info: cuerpoinforme/cuerpoinforme.pdf , page27 used on input
 line 121.
(pdftex.def)             Requested size: 614.58406pt x 795.3441pt.
 [53

 <./cuerpoinforme/cuerpoinforme.pdf>]
<cuerpoinforme/cuerpoinforme.pdf, id=527, page=28, 614.295pt x 794.97pt>
File: cuerpoinforme/cuerpoinforme.pdf Graphic file (type pdf)
<use cuerpoinforme/cuerpoinforme.pdf, page 28>
Package pdftex.def Info: cuerpoinforme/cuerpoinforme.pdf , page28 used on input
 line 121.
(pdftex.def)             Requested size: 614.58406pt x 795.3441pt.
File: cuerpoinforme/cuerpoinforme.pdf Graphic file (type pdf)
<use cuerpoinforme/cuerpoinforme.pdf, page 28>
Package pdftex.def Info: cuerpoinforme/cuerpoinforme.pdf , page28 used on input
 line 121.
(pdftex.def)             Requested size: 614.58406pt x 795.3441pt.
File: cuerpoinforme/cuerpoinforme.pdf Graphic file (type pdf)
<use cuerpoinforme/cuerpoinforme.pdf, page 28>
Package pdftex.def Info: cuerpoinforme/cuerpoinforme.pdf , page28 used on input
 line 121.
(pdftex.def)             Requested size: 614.58406pt x 795.3441pt.
 [54

 <./cuerpoinforme/cuerpoinforme.pdf>]
<cuerpoinforme/cuerpoinforme.pdf, id=534, page=29, 614.295pt x 794.97pt>
File: cuerpoinforme/cuerpoinforme.pdf Graphic file (type pdf)
<use cuerpoinforme/cuerpoinforme.pdf, page 29>
Package pdftex.def Info: cuerpoinforme/cuerpoinforme.pdf , page29 used on input
 line 121.
(pdftex.def)             Requested size: 614.58406pt x 795.3441pt.
File: cuerpoinforme/cuerpoinforme.pdf Graphic file (type pdf)
<use cuerpoinforme/cuerpoinforme.pdf, page 29>
Package pdftex.def Info: cuerpoinforme/cuerpoinforme.pdf , page29 used on input
 line 121.
(pdftex.def)             Requested size: 614.58406pt x 795.3441pt.
File: cuerpoinforme/cuerpoinforme.pdf Graphic file (type pdf)
<use cuerpoinforme/cuerpoinforme.pdf, page 29>
Package pdftex.def Info: cuerpoinforme/cuerpoinforme.pdf , page29 used on input
 line 121.
(pdftex.def)             Requested size: 614.58406pt x 795.3441pt.
 [55

 <./cuerpoinforme/cuerpoinforme.pdf>]
<cuerpoinforme/cuerpoinforme.pdf, id=542, page=30, 614.295pt x 794.97pt>
File: cuerpoinforme/cuerpoinforme.pdf Graphic file (type pdf)
<use cuerpoinforme/cuerpoinforme.pdf, page 30>
Package pdftex.def Info: cuerpoinforme/cuerpoinforme.pdf , page30 used on input
 line 121.
(pdftex.def)             Requested size: 614.58406pt x 795.3441pt.
File: cuerpoinforme/cuerpoinforme.pdf Graphic file (type pdf)
<use cuerpoinforme/cuerpoinforme.pdf, page 30>
Package pdftex.def Info: cuerpoinforme/cuerpoinforme.pdf , page30 used on input
 line 121.
(pdftex.def)             Requested size: 614.58406pt x 795.3441pt.
File: cuerpoinforme/cuerpoinforme.pdf Graphic file (type pdf)
<use cuerpoinforme/cuerpoinforme.pdf, page 30>
Package pdftex.def Info: cuerpoinforme/cuerpoinforme.pdf , page30 used on input
 line 121.
(pdftex.def)             Requested size: 614.58406pt x 795.3441pt.
 [56

 <./cuerpoinforme/cuerpoinforme.pdf>]
<cuerpoinforme/cuerpoinforme.pdf, id=551, page=31, 614.295pt x 794.97pt>
File: cuerpoinforme/cuerpoinforme.pdf Graphic file (type pdf)
<use cuerpoinforme/cuerpoinforme.pdf, page 31>
Package pdftex.def Info: cuerpoinforme/cuerpoinforme.pdf , page31 used on input
 line 121.
(pdftex.def)             Requested size: 614.58406pt x 795.3441pt.
File: cuerpoinforme/cuerpoinforme.pdf Graphic file (type pdf)
<use cuerpoinforme/cuerpoinforme.pdf, page 31>
Package pdftex.def Info: cuerpoinforme/cuerpoinforme.pdf , page31 used on input
 line 121.
(pdftex.def)             Requested size: 614.58406pt x 795.3441pt.
File: cuerpoinforme/cuerpoinforme.pdf Graphic file (type pdf)
<use cuerpoinforme/cuerpoinforme.pdf, page 31>
Package pdftex.def Info: cuerpoinforme/cuerpoinforme.pdf , page31 used on input
 line 121.
(pdftex.def)             Requested size: 614.58406pt x 795.3441pt.
 [57

 <./cuerpoinforme/cuerpoinforme.pdf>]
<cuerpoinforme/cuerpoinforme.pdf, id=558, page=32, 614.295pt x 794.97pt>
File: cuerpoinforme/cuerpoinforme.pdf Graphic file (type pdf)
<use cuerpoinforme/cuerpoinforme.pdf, page 32>
Package pdftex.def Info: cuerpoinforme/cuerpoinforme.pdf , page32 used on input
 line 121.
(pdftex.def)             Requested size: 614.58406pt x 795.3441pt.
File: cuerpoinforme/cuerpoinforme.pdf Graphic file (type pdf)
<use cuerpoinforme/cuerpoinforme.pdf, page 32>
Package pdftex.def Info: cuerpoinforme/cuerpoinforme.pdf , page32 used on input
 line 121.
(pdftex.def)             Requested size: 614.58406pt x 795.3441pt.
File: cuerpoinforme/cuerpoinforme.pdf Graphic file (type pdf)
<use cuerpoinforme/cuerpoinforme.pdf, page 32>
Package pdftex.def Info: cuerpoinforme/cuerpoinforme.pdf , page32 used on input
 line 121.
(pdftex.def)             Requested size: 614.58406pt x 795.3441pt.
 [58

 <./cuerpoinforme/cuerpoinforme.pdf>]
<cuerpoinforme/cuerpoinforme.pdf, id=565, page=33, 614.295pt x 794.97pt>
File: cuerpoinforme/cuerpoinforme.pdf Graphic file (type pdf)
<use cuerpoinforme/cuerpoinforme.pdf, page 33>
Package pdftex.def Info: cuerpoinforme/cuerpoinforme.pdf , page33 used on input
 line 121.
(pdftex.def)             Requested size: 614.58406pt x 795.3441pt.
File: cuerpoinforme/cuerpoinforme.pdf Graphic file (type pdf)
<use cuerpoinforme/cuerpoinforme.pdf, page 33>
Package pdftex.def Info: cuerpoinforme/cuerpoinforme.pdf , page33 used on input
 line 121.
(pdftex.def)             Requested size: 614.58406pt x 795.3441pt.
File: cuerpoinforme/cuerpoinforme.pdf Graphic file (type pdf)
<use cuerpoinforme/cuerpoinforme.pdf, page 33>
Package pdftex.def Info: cuerpoinforme/cuerpoinforme.pdf , page33 used on input
 line 121.
(pdftex.def)             Requested size: 614.58406pt x 795.3441pt.
 [59

 <./cuerpoinforme/cuerpoinforme.pdf>]
<cuerpoinforme/cuerpoinforme.pdf, id=572, page=34, 614.295pt x 794.97pt>
File: cuerpoinforme/cuerpoinforme.pdf Graphic file (type pdf)
<use cuerpoinforme/cuerpoinforme.pdf, page 34>
Package pdftex.def Info: cuerpoinforme/cuerpoinforme.pdf , page34 used on input
 line 121.
(pdftex.def)             Requested size: 614.58406pt x 795.3441pt.
File: cuerpoinforme/cuerpoinforme.pdf Graphic file (type pdf)
<use cuerpoinforme/cuerpoinforme.pdf, page 34>
Package pdftex.def Info: cuerpoinforme/cuerpoinforme.pdf , page34 used on input
 line 121.
(pdftex.def)             Requested size: 614.58406pt x 795.3441pt.
File: cuerpoinforme/cuerpoinforme.pdf Graphic file (type pdf)
<use cuerpoinforme/cuerpoinforme.pdf, page 34>
Package pdftex.def Info: cuerpoinforme/cuerpoinforme.pdf , page34 used on input
 line 121.
(pdftex.def)             Requested size: 614.58406pt x 795.3441pt.
 [60

 <./cuerpoinforme/cuerpoinforme.pdf>]
<cuerpoinforme/cuerpoinforme.pdf, id=579, page=35, 614.295pt x 794.97pt>
File: cuerpoinforme/cuerpoinforme.pdf Graphic file (type pdf)
<use cuerpoinforme/cuerpoinforme.pdf, page 35>
Package pdftex.def Info: cuerpoinforme/cuerpoinforme.pdf , page35 used on input
 line 121.
(pdftex.def)             Requested size: 614.58406pt x 795.3441pt.
File: cuerpoinforme/cuerpoinforme.pdf Graphic file (type pdf)
<use cuerpoinforme/cuerpoinforme.pdf, page 35>
Package pdftex.def Info: cuerpoinforme/cuerpoinforme.pdf , page35 used on input
 line 121.
(pdftex.def)             Requested size: 614.58406pt x 795.3441pt.
File: cuerpoinforme/cuerpoinforme.pdf Graphic file (type pdf)
<use cuerpoinforme/cuerpoinforme.pdf, page 35>
Package pdftex.def Info: cuerpoinforme/cuerpoinforme.pdf , page35 used on input
 line 121.
(pdftex.def)             Requested size: 614.58406pt x 795.3441pt.
 [61

 <./cuerpoinforme/cuerpoinforme.pdf>]
<cuerpoinforme/cuerpoinforme.pdf, id=587, page=36, 614.295pt x 794.97pt>
File: cuerpoinforme/cuerpoinforme.pdf Graphic file (type pdf)
<use cuerpoinforme/cuerpoinforme.pdf, page 36>
Package pdftex.def Info: cuerpoinforme/cuerpoinforme.pdf , page36 used on input
 line 121.
(pdftex.def)             Requested size: 614.58406pt x 795.3441pt.
File: cuerpoinforme/cuerpoinforme.pdf Graphic file (type pdf)
<use cuerpoinforme/cuerpoinforme.pdf, page 36>
Package pdftex.def Info: cuerpoinforme/cuerpoinforme.pdf , page36 used on input
 line 121.
(pdftex.def)             Requested size: 614.58406pt x 795.3441pt.
File: cuerpoinforme/cuerpoinforme.pdf Graphic file (type pdf)
<use cuerpoinforme/cuerpoinforme.pdf, page 36>
Package pdftex.def Info: cuerpoinforme/cuerpoinforme.pdf , page36 used on input
 line 121.
(pdftex.def)             Requested size: 614.58406pt x 795.3441pt.
 [62

 <./cuerpoinforme/cuerpoinforme.pdf>]
<cuerpoinforme/cuerpoinforme.pdf, id=592, page=37, 614.295pt x 794.97pt>
File: cuerpoinforme/cuerpoinforme.pdf Graphic file (type pdf)
<use cuerpoinforme/cuerpoinforme.pdf, page 37>
Package pdftex.def Info: cuerpoinforme/cuerpoinforme.pdf , page37 used on input
 line 121.
(pdftex.def)             Requested size: 614.58406pt x 795.3441pt.
File: cuerpoinforme/cuerpoinforme.pdf Graphic file (type pdf)
<use cuerpoinforme/cuerpoinforme.pdf, page 37>
Package pdftex.def Info: cuerpoinforme/cuerpoinforme.pdf , page37 used on input
 line 121.
(pdftex.def)             Requested size: 614.58406pt x 795.3441pt.
File: cuerpoinforme/cuerpoinforme.pdf Graphic file (type pdf)
<use cuerpoinforme/cuerpoinforme.pdf, page 37>
Package pdftex.def Info: cuerpoinforme/cuerpoinforme.pdf , page37 used on input
 line 121.
(pdftex.def)             Requested size: 614.58406pt x 795.3441pt.
 [63

 <./cuerpoinforme/cuerpoinforme.pdf>]
<cuerpoinforme/cuerpoinforme.pdf, id=597, page=38, 614.295pt x 794.97pt>
File: cuerpoinforme/cuerpoinforme.pdf Graphic file (type pdf)
<use cuerpoinforme/cuerpoinforme.pdf, page 38>
Package pdftex.def Info: cuerpoinforme/cuerpoinforme.pdf , page38 used on input
 line 121.
(pdftex.def)             Requested size: 614.58406pt x 795.3441pt.
File: cuerpoinforme/cuerpoinforme.pdf Graphic file (type pdf)
<use cuerpoinforme/cuerpoinforme.pdf, page 38>
Package pdftex.def Info: cuerpoinforme/cuerpoinforme.pdf , page38 used on input
 line 121.
(pdftex.def)             Requested size: 614.58406pt x 795.3441pt.
File: cuerpoinforme/cuerpoinforme.pdf Graphic file (type pdf)
<use cuerpoinforme/cuerpoinforme.pdf, page 38>
Package pdftex.def Info: cuerpoinforme/cuerpoinforme.pdf , page38 used on input
 line 121.
(pdftex.def)             Requested size: 614.58406pt x 795.3441pt.
 [64

 <./cuerpoinforme/cuerpoinforme.pdf>]
<cuerpoinforme/cuerpoinforme.pdf, id=602, page=39, 614.295pt x 794.97pt>
File: cuerpoinforme/cuerpoinforme.pdf Graphic file (type pdf)
<use cuerpoinforme/cuerpoinforme.pdf, page 39>
Package pdftex.def Info: cuerpoinforme/cuerpoinforme.pdf , page39 used on input
 line 121.
(pdftex.def)             Requested size: 614.58406pt x 795.3441pt.
File: cuerpoinforme/cuerpoinforme.pdf Graphic file (type pdf)
<use cuerpoinforme/cuerpoinforme.pdf, page 39>
Package pdftex.def Info: cuerpoinforme/cuerpoinforme.pdf , page39 used on input
 line 121.
(pdftex.def)             Requested size: 614.58406pt x 795.3441pt.
File: cuerpoinforme/cuerpoinforme.pdf Graphic file (type pdf)
<use cuerpoinforme/cuerpoinforme.pdf, page 39>
Package pdftex.def Info: cuerpoinforme/cuerpoinforme.pdf , page39 used on input
 line 121.
(pdftex.def)             Requested size: 614.58406pt x 795.3441pt.
 [65

 <./cuerpoinforme/cuerpoinforme.pdf>]
<cuerpoinforme/cuerpoinforme.pdf, id=608, page=40, 614.295pt x 794.97pt>
File: cuerpoinforme/cuerpoinforme.pdf Graphic file (type pdf)
<use cuerpoinforme/cuerpoinforme.pdf, page 40>
Package pdftex.def Info: cuerpoinforme/cuerpoinforme.pdf , page40 used on input
 line 121.
(pdftex.def)             Requested size: 614.58406pt x 795.3441pt.
File: cuerpoinforme/cuerpoinforme.pdf Graphic file (type pdf)
<use cuerpoinforme/cuerpoinforme.pdf, page 40>
Package pdftex.def Info: cuerpoinforme/cuerpoinforme.pdf , page40 used on input
 line 121.
(pdftex.def)             Requested size: 614.58406pt x 795.3441pt.
File: cuerpoinforme/cuerpoinforme.pdf Graphic file (type pdf)
<use cuerpoinforme/cuerpoinforme.pdf, page 40>
Package pdftex.def Info: cuerpoinforme/cuerpoinforme.pdf , page40 used on input
 line 121.
(pdftex.def)             Requested size: 614.58406pt x 795.3441pt.
 [66

 <./cuerpoinforme/cuerpoinforme.pdf>]
<cuerpoinforme/cuerpoinforme.pdf, id=614, page=41, 597.23027pt x 845.15547pt>
File: cuerpoinforme/cuerpoinforme.pdf Graphic file (type pdf)
<use cuerpoinforme/cuerpoinforme.pdf, page 41>
Package pdftex.def Info: cuerpoinforme/cuerpoinforme.pdf , page41 used on input
 line 121.
(pdftex.def)             Requested size: 597.5113pt x 845.55316pt.
File: cuerpoinforme/cuerpoinforme.pdf Graphic file (type pdf)
<use cuerpoinforme/cuerpoinforme.pdf, page 41>
Package pdftex.def Info: cuerpoinforme/cuerpoinforme.pdf , page41 used on input
 line 121.
(pdftex.def)             Requested size: 597.5113pt x 845.55316pt.
File: cuerpoinforme/cuerpoinforme.pdf Graphic file (type pdf)
<use cuerpoinforme/cuerpoinforme.pdf, page 41>
Package pdftex.def Info: cuerpoinforme/cuerpoinforme.pdf , page41 used on input
 line 121.
(pdftex.def)             Requested size: 597.5113pt x 845.55316pt.
 [67

 <./cuerpoinforme/cuerpoinforme.pdf>]
<cuerpoinforme/cuerpoinforme.pdf, id=636, page=42, 597.23027pt x 845.15547pt>
File: cuerpoinforme/cuerpoinforme.pdf Graphic file (type pdf)
<use cuerpoinforme/cuerpoinforme.pdf, page 42>
Package pdftex.def Info: cuerpoinforme/cuerpoinforme.pdf , page42 used on input
 line 121.
(pdftex.def)             Requested size: 597.5113pt x 845.55316pt.
File: cuerpoinforme/cuerpoinforme.pdf Graphic file (type pdf)
<use cuerpoinforme/cuerpoinforme.pdf, page 42>
Package pdftex.def Info: cuerpoinforme/cuerpoinforme.pdf , page42 used on input
 line 121.
(pdftex.def)             Requested size: 597.5113pt x 845.55316pt.
File: cuerpoinforme/cuerpoinforme.pdf Graphic file (type pdf)
<use cuerpoinforme/cuerpoinforme.pdf, page 42>
Package pdftex.def Info: cuerpoinforme/cuerpoinforme.pdf , page42 used on input
 line 121.
(pdftex.def)             Requested size: 597.5113pt x 845.55316pt.
 [68

 <./cuerpoinforme/cuerpoinforme.pdf>]
<cuerpoinforme/cuerpoinforme.pdf, id=646, page=43, 614.295pt x 794.97pt>
File: cuerpoinforme/cuerpoinforme.pdf Graphic file (type pdf)
<use cuerpoinforme/cuerpoinforme.pdf, page 43>
Package pdftex.def Info: cuerpoinforme/cuerpoinforme.pdf , page43 used on input
 line 121.
(pdftex.def)             Requested size: 614.58406pt x 795.3441pt.
File: cuerpoinforme/cuerpoinforme.pdf Graphic file (type pdf)
<use cuerpoinforme/cuerpoinforme.pdf, page 43>
Package pdftex.def Info: cuerpoinforme/cuerpoinforme.pdf , page43 used on input
 line 121.
(pdftex.def)             Requested size: 614.58406pt x 795.3441pt.
File: cuerpoinforme/cuerpoinforme.pdf Graphic file (type pdf)
<use cuerpoinforme/cuerpoinforme.pdf, page 43>
Package pdftex.def Info: cuerpoinforme/cuerpoinforme.pdf , page43 used on input
 line 121.
(pdftex.def)             Requested size: 614.58406pt x 795.3441pt.
 [69

 <./cuerpoinforme/cuerpoinforme.pdf>]
<cuerpoinforme/cuerpoinforme.pdf, id=653, page=44, 614.295pt x 794.97pt>
File: cuerpoinforme/cuerpoinforme.pdf Graphic file (type pdf)
<use cuerpoinforme/cuerpoinforme.pdf, page 44>
Package pdftex.def Info: cuerpoinforme/cuerpoinforme.pdf , page44 used on input
 line 121.
(pdftex.def)             Requested size: 614.58406pt x 795.3441pt.
File: cuerpoinforme/cuerpoinforme.pdf Graphic file (type pdf)
<use cuerpoinforme/cuerpoinforme.pdf, page 44>
Package pdftex.def Info: cuerpoinforme/cuerpoinforme.pdf , page44 used on input
 line 121.
(pdftex.def)             Requested size: 614.58406pt x 795.3441pt.
File: cuerpoinforme/cuerpoinforme.pdf Graphic file (type pdf)
<use cuerpoinforme/cuerpoinforme.pdf, page 44>
Package pdftex.def Info: cuerpoinforme/cuerpoinforme.pdf , page44 used on input
 line 121.
(pdftex.def)             Requested size: 614.58406pt x 795.3441pt.
 [70

 <./cuerpoinforme/cuerpoinforme.pdf>]
<cuerpoinforme/cuerpoinforme.pdf, id=660, page=45, 614.295pt x 794.97pt>
File: cuerpoinforme/cuerpoinforme.pdf Graphic file (type pdf)
<use cuerpoinforme/cuerpoinforme.pdf, page 45>
Package pdftex.def Info: cuerpoinforme/cuerpoinforme.pdf , page45 used on input
 line 121.
(pdftex.def)             Requested size: 614.58406pt x 795.3441pt.
File: cuerpoinforme/cuerpoinforme.pdf Graphic file (type pdf)
<use cuerpoinforme/cuerpoinforme.pdf, page 45>
Package pdftex.def Info: cuerpoinforme/cuerpoinforme.pdf , page45 used on input
 line 121.
(pdftex.def)             Requested size: 614.58406pt x 795.3441pt.
File: cuerpoinforme/cuerpoinforme.pdf Graphic file (type pdf)
<use cuerpoinforme/cuerpoinforme.pdf, page 45>
Package pdftex.def Info: cuerpoinforme/cuerpoinforme.pdf , page45 used on input
 line 121.
(pdftex.def)             Requested size: 614.58406pt x 795.3441pt.
 [71

 <./cuerpoinforme/cuerpoinforme.pdf>]
<cuerpoinforme/cuerpoinforme.pdf, id=666, page=46, 614.295pt x 794.97pt>
File: cuerpoinforme/cuerpoinforme.pdf Graphic file (type pdf)
<use cuerpoinforme/cuerpoinforme.pdf, page 46>
Package pdftex.def Info: cuerpoinforme/cuerpoinforme.pdf , page46 used on input
 line 121.
(pdftex.def)             Requested size: 614.58406pt x 795.3441pt.
File: cuerpoinforme/cuerpoinforme.pdf Graphic file (type pdf)
<use cuerpoinforme/cuerpoinforme.pdf, page 46>
Package pdftex.def Info: cuerpoinforme/cuerpoinforme.pdf , page46 used on input
 line 121.
(pdftex.def)             Requested size: 614.58406pt x 795.3441pt.
File: cuerpoinforme/cuerpoinforme.pdf Graphic file (type pdf)
<use cuerpoinforme/cuerpoinforme.pdf, page 46>
Package pdftex.def Info: cuerpoinforme/cuerpoinforme.pdf , page46 used on input
 line 121.
(pdftex.def)             Requested size: 614.58406pt x 795.3441pt.
 [72

 <./cuerpoinforme/cuerpoinforme.pdf>]
<cuerpoinforme/cuerpoinforme.pdf, id=671, page=47, 614.295pt x 794.97pt>
File: cuerpoinforme/cuerpoinforme.pdf Graphic file (type pdf)
<use cuerpoinforme/cuerpoinforme.pdf, page 47>
Package pdftex.def Info: cuerpoinforme/cuerpoinforme.pdf , page47 used on input
 line 121.
(pdftex.def)             Requested size: 614.58406pt x 795.3441pt.
File: cuerpoinforme/cuerpoinforme.pdf Graphic file (type pdf)
<use cuerpoinforme/cuerpoinforme.pdf, page 47>
Package pdftex.def Info: cuerpoinforme/cuerpoinforme.pdf , page47 used on input
 line 121.
(pdftex.def)             Requested size: 614.58406pt x 795.3441pt.
File: cuerpoinforme/cuerpoinforme.pdf Graphic file (type pdf)
<use cuerpoinforme/cuerpoinforme.pdf, page 47>
Package pdftex.def Info: cuerpoinforme/cuerpoinforme.pdf , page47 used on input
 line 121.
(pdftex.def)             Requested size: 614.58406pt x 795.3441pt.
 [73

 <./cuerpoinforme/cuerpoinforme.pdf>]
<cuerpoinforme/cuerpoinforme.pdf, id=677, page=48, 614.295pt x 794.97pt>
File: cuerpoinforme/cuerpoinforme.pdf Graphic file (type pdf)
<use cuerpoinforme/cuerpoinforme.pdf, page 48>
Package pdftex.def Info: cuerpoinforme/cuerpoinforme.pdf , page48 used on input
 line 121.
(pdftex.def)             Requested size: 614.58406pt x 795.3441pt.
File: cuerpoinforme/cuerpoinforme.pdf Graphic file (type pdf)
<use cuerpoinforme/cuerpoinforme.pdf, page 48>
Package pdftex.def Info: cuerpoinforme/cuerpoinforme.pdf , page48 used on input
 line 121.
(pdftex.def)             Requested size: 614.58406pt x 795.3441pt.
File: cuerpoinforme/cuerpoinforme.pdf Graphic file (type pdf)
<use cuerpoinforme/cuerpoinforme.pdf, page 48>
Package pdftex.def Info: cuerpoinforme/cuerpoinforme.pdf , page48 used on input
 line 121.
(pdftex.def)             Requested size: 614.58406pt x 795.3441pt.

[74

 <./cuerpoinforme/cuerpoinforme.pdf>]
<cuerpoinforme/cuerpoinforme.pdf, id=682, page=49, 614.295pt x 794.97pt>
File: cuerpoinforme/cuerpoinforme.pdf Graphic file (type pdf)
<use cuerpoinforme/cuerpoinforme.pdf, page 49>
Package pdftex.def Info: cuerpoinforme/cuerpoinforme.pdf , page49 used on input
 line 121.
(pdftex.def)             Requested size: 614.58406pt x 795.3441pt.
File: cuerpoinforme/cuerpoinforme.pdf Graphic file (type pdf)
<use cuerpoinforme/cuerpoinforme.pdf, page 49>
Package pdftex.def Info: cuerpoinforme/cuerpoinforme.pdf , page49 used on input
 line 121.
(pdftex.def)             Requested size: 614.58406pt x 795.3441pt.
File: cuerpoinforme/cuerpoinforme.pdf Graphic file (type pdf)
<use cuerpoinforme/cuerpoinforme.pdf, page 49>
Package pdftex.def Info: cuerpoinforme/cuerpoinforme.pdf , page49 used on input
 line 121.
(pdftex.def)             Requested size: 614.58406pt x 795.3441pt.
 [75

 <./cuerpoinforme/cuerpoinforme.pdf>]
<cuerpoinforme/cuerpoinforme.pdf, id=691, page=50, 614.295pt x 794.97pt>
File: cuerpoinforme/cuerpoinforme.pdf Graphic file (type pdf)
<use cuerpoinforme/cuerpoinforme.pdf, page 50>
Package pdftex.def Info: cuerpoinforme/cuerpoinforme.pdf , page50 used on input
 line 121.
(pdftex.def)             Requested size: 614.58406pt x 795.3441pt.
File: cuerpoinforme/cuerpoinforme.pdf Graphic file (type pdf)
<use cuerpoinforme/cuerpoinforme.pdf, page 50>
Package pdftex.def Info: cuerpoinforme/cuerpoinforme.pdf , page50 used on input
 line 121.
(pdftex.def)             Requested size: 614.58406pt x 795.3441pt.
File: cuerpoinforme/cuerpoinforme.pdf Graphic file (type pdf)
<use cuerpoinforme/cuerpoinforme.pdf, page 50>
Package pdftex.def Info: cuerpoinforme/cuerpoinforme.pdf , page50 used on input
 line 121.
(pdftex.def)             Requested size: 614.58406pt x 795.3441pt.
 [76

 <./cuerpoinforme/cuerpoinforme.pdf>]
<cuerpoinforme/cuerpoinforme.pdf, id=696, page=51, 614.295pt x 794.97pt>
File: cuerpoinforme/cuerpoinforme.pdf Graphic file (type pdf)
<use cuerpoinforme/cuerpoinforme.pdf, page 51>
Package pdftex.def Info: cuerpoinforme/cuerpoinforme.pdf , page51 used on input
 line 121.
(pdftex.def)             Requested size: 614.58406pt x 795.3441pt.
File: cuerpoinforme/cuerpoinforme.pdf Graphic file (type pdf)
<use cuerpoinforme/cuerpoinforme.pdf, page 51>
Package pdftex.def Info: cuerpoinforme/cuerpoinforme.pdf , page51 used on input
 line 121.
(pdftex.def)             Requested size: 614.58406pt x 795.3441pt.
File: cuerpoinforme/cuerpoinforme.pdf Graphic file (type pdf)
<use cuerpoinforme/cuerpoinforme.pdf, page 51>
Package pdftex.def Info: cuerpoinforme/cuerpoinforme.pdf , page51 used on input
 line 121.
(pdftex.def)             Requested size: 614.58406pt x 795.3441pt.
 [77

 <./cuerpoinforme/cuerpoinforme.pdf>]
<cuerpoinforme/cuerpoinforme.pdf, id=701, page=52, 614.295pt x 794.97pt>
File: cuerpoinforme/cuerpoinforme.pdf Graphic file (type pdf)
<use cuerpoinforme/cuerpoinforme.pdf, page 52>
Package pdftex.def Info: cuerpoinforme/cuerpoinforme.pdf , page52 used on input
 line 121.
(pdftex.def)             Requested size: 614.58406pt x 795.3441pt.
File: cuerpoinforme/cuerpoinforme.pdf Graphic file (type pdf)
<use cuerpoinforme/cuerpoinforme.pdf, page 52>
Package pdftex.def Info: cuerpoinforme/cuerpoinforme.pdf , page52 used on input
 line 121.
(pdftex.def)             Requested size: 614.58406pt x 795.3441pt.
File: cuerpoinforme/cuerpoinforme.pdf Graphic file (type pdf)
<use cuerpoinforme/cuerpoinforme.pdf, page 52>
Package pdftex.def Info: cuerpoinforme/cuerpoinforme.pdf , page52 used on input
 line 121.
(pdftex.def)             Requested size: 614.58406pt x 795.3441pt.
 [78

 <./cuerpoinforme/cuerpoinforme.pdf>]
<cuerpoinforme/cuerpoinforme.pdf, id=706, page=53, 614.295pt x 794.97pt>
File: cuerpoinforme/cuerpoinforme.pdf Graphic file (type pdf)
<use cuerpoinforme/cuerpoinforme.pdf, page 53>
Package pdftex.def Info: cuerpoinforme/cuerpoinforme.pdf , page53 used on input
 line 121.
(pdftex.def)             Requested size: 614.58406pt x 795.3441pt.
File: cuerpoinforme/cuerpoinforme.pdf Graphic file (type pdf)
<use cuerpoinforme/cuerpoinforme.pdf, page 53>
Package pdftex.def Info: cuerpoinforme/cuerpoinforme.pdf , page53 used on input
 line 121.
(pdftex.def)             Requested size: 614.58406pt x 795.3441pt.
File: cuerpoinforme/cuerpoinforme.pdf Graphic file (type pdf)
<use cuerpoinforme/cuerpoinforme.pdf, page 53>
Package pdftex.def Info: cuerpoinforme/cuerpoinforme.pdf , page53 used on input
 line 121.
(pdftex.def)             Requested size: 614.58406pt x 795.3441pt.
 [79

 <./cuerpoinforme/cuerpoinforme.pdf>]
<cuerpoinforme/cuerpoinforme.pdf, id=712, page=54, 614.295pt x 794.97pt>
File: cuerpoinforme/cuerpoinforme.pdf Graphic file (type pdf)
<use cuerpoinforme/cuerpoinforme.pdf, page 54>
Package pdftex.def Info: cuerpoinforme/cuerpoinforme.pdf , page54 used on input
 line 121.
(pdftex.def)             Requested size: 614.58406pt x 795.3441pt.
File: cuerpoinforme/cuerpoinforme.pdf Graphic file (type pdf)
<use cuerpoinforme/cuerpoinforme.pdf, page 54>
Package pdftex.def Info: cuerpoinforme/cuerpoinforme.pdf , page54 used on input
 line 121.
(pdftex.def)             Requested size: 614.58406pt x 795.3441pt.
File: cuerpoinforme/cuerpoinforme.pdf Graphic file (type pdf)
<use cuerpoinforme/cuerpoinforme.pdf, page 54>
Package pdftex.def Info: cuerpoinforme/cuerpoinforme.pdf , page54 used on input
 line 121.
(pdftex.def)             Requested size: 614.58406pt x 795.3441pt.
 [80

 <./cuerpoinforme/cuerpoinforme.pdf>]
<cuerpoinforme/cuerpoinforme.pdf, id=717, page=55, 614.295pt x 794.97pt>
File: cuerpoinforme/cuerpoinforme.pdf Graphic file (type pdf)
<use cuerpoinforme/cuerpoinforme.pdf, page 55>
Package pdftex.def Info: cuerpoinforme/cuerpoinforme.pdf , page55 used on input
 line 121.
(pdftex.def)             Requested size: 614.58406pt x 795.3441pt.
File: cuerpoinforme/cuerpoinforme.pdf Graphic file (type pdf)
<use cuerpoinforme/cuerpoinforme.pdf, page 55>
Package pdftex.def Info: cuerpoinforme/cuerpoinforme.pdf , page55 used on input
 line 121.
(pdftex.def)             Requested size: 614.58406pt x 795.3441pt.
File: cuerpoinforme/cuerpoinforme.pdf Graphic file (type pdf)
<use cuerpoinforme/cuerpoinforme.pdf, page 55>
Package pdftex.def Info: cuerpoinforme/cuerpoinforme.pdf , page55 used on input
 line 121.
(pdftex.def)             Requested size: 614.58406pt x 795.3441pt.
 [81

 <./cuerpoinforme/cuerpoinforme.pdf>]
<cuerpoinforme/cuerpoinforme.pdf, id=722, page=56, 614.29298pt x 794.96797pt>
File: cuerpoinforme/cuerpoinforme.pdf Graphic file (type pdf)
<use cuerpoinforme/cuerpoinforme.pdf, page 56>
Package pdftex.def Info: cuerpoinforme/cuerpoinforme.pdf , page56 used on input
 line 121.
(pdftex.def)             Requested size: 614.58206pt x 795.34204pt.
File: cuerpoinforme/cuerpoinforme.pdf Graphic file (type pdf)
<use cuerpoinforme/cuerpoinforme.pdf, page 56>
Package pdftex.def Info: cuerpoinforme/cuerpoinforme.pdf , page56 used on input
 line 121.
(pdftex.def)             Requested size: 614.58206pt x 795.34204pt.
File: cuerpoinforme/cuerpoinforme.pdf Graphic file (type pdf)
<use cuerpoinforme/cuerpoinforme.pdf, page 56>
Package pdftex.def Info: cuerpoinforme/cuerpoinforme.pdf , page56 used on input
 line 121.
(pdftex.def)             Requested size: 614.58206pt x 795.34204pt.
 [82

 <./cuerpoinforme/cuerpoinforme.pdf>]
<cuerpoinforme/cuerpoinforme.pdf, id=751, page=57, 614.29298pt x 794.96797pt>
File: cuerpoinforme/cuerpoinforme.pdf Graphic file (type pdf)
<use cuerpoinforme/cuerpoinforme.pdf, page 57>
Package pdftex.def Info: cuerpoinforme/cuerpoinforme.pdf , page57 used on input
 line 121.
(pdftex.def)             Requested size: 614.58206pt x 795.34204pt.
File: cuerpoinforme/cuerpoinforme.pdf Graphic file (type pdf)
<use cuerpoinforme/cuerpoinforme.pdf, page 57>
Package pdftex.def Info: cuerpoinforme/cuerpoinforme.pdf , page57 used on input
 line 121.
(pdftex.def)             Requested size: 614.58206pt x 795.34204pt.
File: cuerpoinforme/cuerpoinforme.pdf Graphic file (type pdf)
<use cuerpoinforme/cuerpoinforme.pdf, page 57>
Package pdftex.def Info: cuerpoinforme/cuerpoinforme.pdf , page57 used on input
 line 121.
(pdftex.def)             Requested size: 614.58206pt x 795.34204pt.
 [83

 <./cuerpoinforme/cuerpoinforme.pdf>]
<cuerpoinforme/cuerpoinforme.pdf, id=757, page=58, 614.29298pt x 794.96797pt>
File: cuerpoinforme/cuerpoinforme.pdf Graphic file (type pdf)
<use cuerpoinforme/cuerpoinforme.pdf, page 58>
Package pdftex.def Info: cuerpoinforme/cuerpoinforme.pdf , page58 used on input
 line 121.
(pdftex.def)             Requested size: 614.58206pt x 795.34204pt.
File: cuerpoinforme/cuerpoinforme.pdf Graphic file (type pdf)
<use cuerpoinforme/cuerpoinforme.pdf, page 58>
Package pdftex.def Info: cuerpoinforme/cuerpoinforme.pdf , page58 used on input
 line 121.
(pdftex.def)             Requested size: 614.58206pt x 795.34204pt.
File: cuerpoinforme/cuerpoinforme.pdf Graphic file (type pdf)
<use cuerpoinforme/cuerpoinforme.pdf, page 58>
Package pdftex.def Info: cuerpoinforme/cuerpoinforme.pdf , page58 used on input
 line 121.
(pdftex.def)             Requested size: 614.58206pt x 795.34204pt.
 [84

 <./cuerpoinforme/cuerpoinforme.pdf>]
<cuerpoinforme/cuerpoinforme.pdf, id=768, page=59, 614.29298pt x 794.96797pt>
File: cuerpoinforme/cuerpoinforme.pdf Graphic file (type pdf)
<use cuerpoinforme/cuerpoinforme.pdf, page 59>
Package pdftex.def Info: cuerpoinforme/cuerpoinforme.pdf , page59 used on input
 line 121.
(pdftex.def)             Requested size: 614.58206pt x 795.34204pt.
File: cuerpoinforme/cuerpoinforme.pdf Graphic file (type pdf)
<use cuerpoinforme/cuerpoinforme.pdf, page 59>
Package pdftex.def Info: cuerpoinforme/cuerpoinforme.pdf , page59 used on input
 line 121.
(pdftex.def)             Requested size: 614.58206pt x 795.34204pt.
File: cuerpoinforme/cuerpoinforme.pdf Graphic file (type pdf)
<use cuerpoinforme/cuerpoinforme.pdf, page 59>
Package pdftex.def Info: cuerpoinforme/cuerpoinforme.pdf , page59 used on input
 line 121.
(pdftex.def)             Requested size: 614.58206pt x 795.34204pt.
 [85

 <./cuerpoinforme/cuerpoinforme.pdf>]
<cuerpoinforme/cuerpoinforme.pdf, id=775, page=60, 614.29298pt x 794.96797pt>
File: cuerpoinforme/cuerpoinforme.pdf Graphic file (type pdf)
<use cuerpoinforme/cuerpoinforme.pdf, page 60>
Package pdftex.def Info: cuerpoinforme/cuerpoinforme.pdf , page60 used on input
 line 121.
(pdftex.def)             Requested size: 614.58206pt x 795.34204pt.
File: cuerpoinforme/cuerpoinforme.pdf Graphic file (type pdf)
<use cuerpoinforme/cuerpoinforme.pdf, page 60>
Package pdftex.def Info: cuerpoinforme/cuerpoinforme.pdf , page60 used on input
 line 121.
(pdftex.def)             Requested size: 614.58206pt x 795.34204pt.
File: cuerpoinforme/cuerpoinforme.pdf Graphic file (type pdf)
<use cuerpoinforme/cuerpoinforme.pdf, page 60>
Package pdftex.def Info: cuerpoinforme/cuerpoinforme.pdf , page60 used on input
 line 121.
(pdftex.def)             Requested size: 614.58206pt x 795.34204pt.
 [86

 <./cuerpoinforme/cuerpoinforme.pdf>]
<cuerpoinforme/cuerpoinforme.pdf, id=781, page=61, 614.29298pt x 794.96797pt>
File: cuerpoinforme/cuerpoinforme.pdf Graphic file (type pdf)
<use cuerpoinforme/cuerpoinforme.pdf, page 61>
Package pdftex.def Info: cuerpoinforme/cuerpoinforme.pdf , page61 used on input
 line 121.
(pdftex.def)             Requested size: 614.58206pt x 795.34204pt.
File: cuerpoinforme/cuerpoinforme.pdf Graphic file (type pdf)
<use cuerpoinforme/cuerpoinforme.pdf, page 61>
Package pdftex.def Info: cuerpoinforme/cuerpoinforme.pdf , page61 used on input
 line 121.
(pdftex.def)             Requested size: 614.58206pt x 795.34204pt.
File: cuerpoinforme/cuerpoinforme.pdf Graphic file (type pdf)
<use cuerpoinforme/cuerpoinforme.pdf, page 61>
Package pdftex.def Info: cuerpoinforme/cuerpoinforme.pdf , page61 used on input
 line 121.
(pdftex.def)             Requested size: 614.58206pt x 795.34204pt.
 [87

 <./cuerpoinforme/cuerpoinforme.pdf>]
<cuerpoinforme/cuerpoinforme.pdf, id=787, page=62, 614.29298pt x 794.96797pt>
File: cuerpoinforme/cuerpoinforme.pdf Graphic file (type pdf)
<use cuerpoinforme/cuerpoinforme.pdf, page 62>
Package pdftex.def Info: cuerpoinforme/cuerpoinforme.pdf , page62 used on input
 line 121.
(pdftex.def)             Requested size: 614.58206pt x 795.34204pt.
File: cuerpoinforme/cuerpoinforme.pdf Graphic file (type pdf)
<use cuerpoinforme/cuerpoinforme.pdf, page 62>
Package pdftex.def Info: cuerpoinforme/cuerpoinforme.pdf , page62 used on input
 line 121.
(pdftex.def)             Requested size: 614.58206pt x 795.34204pt.
File: cuerpoinforme/cuerpoinforme.pdf Graphic file (type pdf)
<use cuerpoinforme/cuerpoinforme.pdf, page 62>
Package pdftex.def Info: cuerpoinforme/cuerpoinforme.pdf , page62 used on input
 line 121.
(pdftex.def)             Requested size: 614.58206pt x 795.34204pt.
 [88

 <./cuerpoinforme/cuerpoinforme.pdf>]
<cuerpoinforme/cuerpoinforme.pdf, id=793, page=63, 614.29298pt x 794.96797pt>
File: cuerpoinforme/cuerpoinforme.pdf Graphic file (type pdf)
<use cuerpoinforme/cuerpoinforme.pdf, page 63>
Package pdftex.def Info: cuerpoinforme/cuerpoinforme.pdf , page63 used on input
 line 121.
(pdftex.def)             Requested size: 614.58206pt x 795.34204pt.
File: cuerpoinforme/cuerpoinforme.pdf Graphic file (type pdf)
<use cuerpoinforme/cuerpoinforme.pdf, page 63>
Package pdftex.def Info: cuerpoinforme/cuerpoinforme.pdf , page63 used on input
 line 121.
(pdftex.def)             Requested size: 614.58206pt x 795.34204pt.
File: cuerpoinforme/cuerpoinforme.pdf Graphic file (type pdf)
<use cuerpoinforme/cuerpoinforme.pdf, page 63>
Package pdftex.def Info: cuerpoinforme/cuerpoinforme.pdf , page63 used on input
 line 121.
(pdftex.def)             Requested size: 614.58206pt x 795.34204pt.
 [89

 <./cuerpoinforme/cuerpoinforme.pdf>]
<cuerpoinforme/cuerpoinforme.pdf, id=799, page=64, 614.29298pt x 794.96797pt>
File: cuerpoinforme/cuerpoinforme.pdf Graphic file (type pdf)
<use cuerpoinforme/cuerpoinforme.pdf, page 64>
Package pdftex.def Info: cuerpoinforme/cuerpoinforme.pdf , page64 used on input
 line 121.
(pdftex.def)             Requested size: 614.58206pt x 795.34204pt.
File: cuerpoinforme/cuerpoinforme.pdf Graphic file (type pdf)
<use cuerpoinforme/cuerpoinforme.pdf, page 64>
Package pdftex.def Info: cuerpoinforme/cuerpoinforme.pdf , page64 used on input
 line 121.
(pdftex.def)             Requested size: 614.58206pt x 795.34204pt.
File: cuerpoinforme/cuerpoinforme.pdf Graphic file (type pdf)
<use cuerpoinforme/cuerpoinforme.pdf, page 64>
Package pdftex.def Info: cuerpoinforme/cuerpoinforme.pdf , page64 used on input
 line 121.
(pdftex.def)             Requested size: 614.58206pt x 795.34204pt.
 [90

 <./cuerpoinforme/cuerpoinforme.pdf>]
<cuerpoinforme/cuerpoinforme.pdf, id=805, page=65, 614.29298pt x 794.96797pt>
File: cuerpoinforme/cuerpoinforme.pdf Graphic file (type pdf)
<use cuerpoinforme/cuerpoinforme.pdf, page 65>
Package pdftex.def Info: cuerpoinforme/cuerpoinforme.pdf , page65 used on input
 line 121.
(pdftex.def)             Requested size: 614.58206pt x 795.34204pt.
File: cuerpoinforme/cuerpoinforme.pdf Graphic file (type pdf)
<use cuerpoinforme/cuerpoinforme.pdf, page 65>
Package pdftex.def Info: cuerpoinforme/cuerpoinforme.pdf , page65 used on input
 line 121.
(pdftex.def)             Requested size: 614.58206pt x 795.34204pt.
File: cuerpoinforme/cuerpoinforme.pdf Graphic file (type pdf)
<use cuerpoinforme/cuerpoinforme.pdf, page 65>
Package pdftex.def Info: cuerpoinforme/cuerpoinforme.pdf , page65 used on input
 line 121.
(pdftex.def)             Requested size: 614.58206pt x 795.34204pt.
 [91

 <./cuerpoinforme/cuerpoinforme.pdf>]
<cuerpoinforme/cuerpoinforme.pdf, id=812, page=66, 614.29298pt x 794.96797pt>
File: cuerpoinforme/cuerpoinforme.pdf Graphic file (type pdf)
<use cuerpoinforme/cuerpoinforme.pdf, page 66>
Package pdftex.def Info: cuerpoinforme/cuerpoinforme.pdf , page66 used on input
 line 121.
(pdftex.def)             Requested size: 614.58206pt x 795.34204pt.
File: cuerpoinforme/cuerpoinforme.pdf Graphic file (type pdf)
<use cuerpoinforme/cuerpoinforme.pdf, page 66>
Package pdftex.def Info: cuerpoinforme/cuerpoinforme.pdf , page66 used on input
 line 121.
(pdftex.def)             Requested size: 614.58206pt x 795.34204pt.
File: cuerpoinforme/cuerpoinforme.pdf Graphic file (type pdf)
<use cuerpoinforme/cuerpoinforme.pdf, page 66>
Package pdftex.def Info: cuerpoinforme/cuerpoinforme.pdf , page66 used on input
 line 121.
(pdftex.def)             Requested size: 614.58206pt x 795.34204pt.
 [92

 <./cuerpoinforme/cuerpoinforme.pdf>]
<cuerpoinforme/cuerpoinforme.pdf, id=818, page=67, 614.29298pt x 794.96797pt>
File: cuerpoinforme/cuerpoinforme.pdf Graphic file (type pdf)
<use cuerpoinforme/cuerpoinforme.pdf, page 67>
Package pdftex.def Info: cuerpoinforme/cuerpoinforme.pdf , page67 used on input
 line 121.
(pdftex.def)             Requested size: 614.58206pt x 795.34204pt.
File: cuerpoinforme/cuerpoinforme.pdf Graphic file (type pdf)
<use cuerpoinforme/cuerpoinforme.pdf, page 67>
Package pdftex.def Info: cuerpoinforme/cuerpoinforme.pdf , page67 used on input
 line 121.
(pdftex.def)             Requested size: 614.58206pt x 795.34204pt.
File: cuerpoinforme/cuerpoinforme.pdf Graphic file (type pdf)
<use cuerpoinforme/cuerpoinforme.pdf, page 67>
Package pdftex.def Info: cuerpoinforme/cuerpoinforme.pdf , page67 used on input
 line 121.
(pdftex.def)             Requested size: 614.58206pt x 795.34204pt.
 [93

 <./cuerpoinforme/cuerpoinforme.pdf>]
<cuerpoinforme/cuerpoinforme.pdf, id=825, page=68, 614.29298pt x 794.96797pt>
File: cuerpoinforme/cuerpoinforme.pdf Graphic file (type pdf)
<use cuerpoinforme/cuerpoinforme.pdf, page 68>
Package pdftex.def Info: cuerpoinforme/cuerpoinforme.pdf , page68 used on input
 line 121.
(pdftex.def)             Requested size: 614.58206pt x 795.34204pt.
File: cuerpoinforme/cuerpoinforme.pdf Graphic file (type pdf)
<use cuerpoinforme/cuerpoinforme.pdf, page 68>
Package pdftex.def Info: cuerpoinforme/cuerpoinforme.pdf , page68 used on input
 line 121.
(pdftex.def)             Requested size: 614.58206pt x 795.34204pt.
File: cuerpoinforme/cuerpoinforme.pdf Graphic file (type pdf)
<use cuerpoinforme/cuerpoinforme.pdf, page 68>
Package pdftex.def Info: cuerpoinforme/cuerpoinforme.pdf , page68 used on input
 line 121.
(pdftex.def)             Requested size: 614.58206pt x 795.34204pt.
 [94

 <./cuerpoinforme/cuerpoinforme.pdf>]
<cuerpoinforme/cuerpoinforme.pdf, id=831, page=69, 614.29298pt x 794.96797pt>
File: cuerpoinforme/cuerpoinforme.pdf Graphic file (type pdf)
<use cuerpoinforme/cuerpoinforme.pdf, page 69>
Package pdftex.def Info: cuerpoinforme/cuerpoinforme.pdf , page69 used on input
 line 121.
(pdftex.def)             Requested size: 614.58206pt x 795.34204pt.
File: cuerpoinforme/cuerpoinforme.pdf Graphic file (type pdf)
<use cuerpoinforme/cuerpoinforme.pdf, page 69>
Package pdftex.def Info: cuerpoinforme/cuerpoinforme.pdf , page69 used on input
 line 121.
(pdftex.def)             Requested size: 614.58206pt x 795.34204pt.
File: cuerpoinforme/cuerpoinforme.pdf Graphic file (type pdf)
<use cuerpoinforme/cuerpoinforme.pdf, page 69>
Package pdftex.def Info: cuerpoinforme/cuerpoinforme.pdf , page69 used on input
 line 121.
(pdftex.def)             Requested size: 614.58206pt x 795.34204pt.
 [95

 <./cuerpoinforme/cuerpoinforme.pdf>]
<cuerpoinforme/cuerpoinforme.pdf, id=837, page=70, 614.29298pt x 794.96797pt>
File: cuerpoinforme/cuerpoinforme.pdf Graphic file (type pdf)
<use cuerpoinforme/cuerpoinforme.pdf, page 70>
Package pdftex.def Info: cuerpoinforme/cuerpoinforme.pdf , page70 used on input
 line 121.
(pdftex.def)             Requested size: 614.58206pt x 795.34204pt.
File: cuerpoinforme/cuerpoinforme.pdf Graphic file (type pdf)
<use cuerpoinforme/cuerpoinforme.pdf, page 70>
Package pdftex.def Info: cuerpoinforme/cuerpoinforme.pdf , page70 used on input
 line 121.
(pdftex.def)             Requested size: 614.58206pt x 795.34204pt.
File: cuerpoinforme/cuerpoinforme.pdf Graphic file (type pdf)
<use cuerpoinforme/cuerpoinforme.pdf, page 70>
Package pdftex.def Info: cuerpoinforme/cuerpoinforme.pdf , page70 used on input
 line 121.
(pdftex.def)             Requested size: 614.58206pt x 795.34204pt.
 [96

 <./cuerpoinforme/cuerpoinforme.pdf>]
<cuerpoinforme/cuerpoinforme.pdf, id=843, page=71, 614.29298pt x 794.96797pt>
File: cuerpoinforme/cuerpoinforme.pdf Graphic file (type pdf)
<use cuerpoinforme/cuerpoinforme.pdf, page 71>
Package pdftex.def Info: cuerpoinforme/cuerpoinforme.pdf , page71 used on input
 line 121.
(pdftex.def)             Requested size: 614.58206pt x 795.34204pt.
File: cuerpoinforme/cuerpoinforme.pdf Graphic file (type pdf)
<use cuerpoinforme/cuerpoinforme.pdf, page 71>
Package pdftex.def Info: cuerpoinforme/cuerpoinforme.pdf , page71 used on input
 line 121.
(pdftex.def)             Requested size: 614.58206pt x 795.34204pt.
File: cuerpoinforme/cuerpoinforme.pdf Graphic file (type pdf)
<use cuerpoinforme/cuerpoinforme.pdf, page 71>
Package pdftex.def Info: cuerpoinforme/cuerpoinforme.pdf , page71 used on input
 line 121.
(pdftex.def)             Requested size: 614.58206pt x 795.34204pt.

[97

 <./cuerpoinforme/cuerpoinforme.pdf>]
<cuerpoinforme/cuerpoinforme.pdf, id=850, page=72, 614.29298pt x 794.96797pt>
File: cuerpoinforme/cuerpoinforme.pdf Graphic file (type pdf)
<use cuerpoinforme/cuerpoinforme.pdf, page 72>
Package pdftex.def Info: cuerpoinforme/cuerpoinforme.pdf , page72 used on input
 line 121.
(pdftex.def)             Requested size: 614.58206pt x 795.34204pt.
File: cuerpoinforme/cuerpoinforme.pdf Graphic file (type pdf)
<use cuerpoinforme/cuerpoinforme.pdf, page 72>
Package pdftex.def Info: cuerpoinforme/cuerpoinforme.pdf , page72 used on input
 line 121.
(pdftex.def)             Requested size: 614.58206pt x 795.34204pt.
File: cuerpoinforme/cuerpoinforme.pdf Graphic file (type pdf)
<use cuerpoinforme/cuerpoinforme.pdf, page 72>
Package pdftex.def Info: cuerpoinforme/cuerpoinforme.pdf , page72 used on input
 line 121.
(pdftex.def)             Requested size: 614.58206pt x 795.34204pt.
 [98

 <./cuerpoinforme/cuerpoinforme.pdf>]
<cuerpoinforme/cuerpoinforme.pdf, id=856, page=73, 614.29298pt x 794.96797pt>
File: cuerpoinforme/cuerpoinforme.pdf Graphic file (type pdf)
<use cuerpoinforme/cuerpoinforme.pdf, page 73>
Package pdftex.def Info: cuerpoinforme/cuerpoinforme.pdf , page73 used on input
 line 121.
(pdftex.def)             Requested size: 614.58206pt x 795.34204pt.
File: cuerpoinforme/cuerpoinforme.pdf Graphic file (type pdf)
<use cuerpoinforme/cuerpoinforme.pdf, page 73>
Package pdftex.def Info: cuerpoinforme/cuerpoinforme.pdf , page73 used on input
 line 121.
(pdftex.def)             Requested size: 614.58206pt x 795.34204pt.
File: cuerpoinforme/cuerpoinforme.pdf Graphic file (type pdf)
<use cuerpoinforme/cuerpoinforme.pdf, page 73>
Package pdftex.def Info: cuerpoinforme/cuerpoinforme.pdf , page73 used on input
 line 121.
(pdftex.def)             Requested size: 614.58206pt x 795.34204pt.
 [99

 <./cuerpoinforme/cuerpoinforme.pdf>]
<cuerpoinforme/cuerpoinforme.pdf, id=862, page=74, 614.29298pt x 794.96797pt>
File: cuerpoinforme/cuerpoinforme.pdf Graphic file (type pdf)
<use cuerpoinforme/cuerpoinforme.pdf, page 74>
Package pdftex.def Info: cuerpoinforme/cuerpoinforme.pdf , page74 used on input
 line 121.
(pdftex.def)             Requested size: 614.58206pt x 795.34204pt.
File: cuerpoinforme/cuerpoinforme.pdf Graphic file (type pdf)
<use cuerpoinforme/cuerpoinforme.pdf, page 74>
Package pdftex.def Info: cuerpoinforme/cuerpoinforme.pdf , page74 used on input
 line 121.
(pdftex.def)             Requested size: 614.58206pt x 795.34204pt.
File: cuerpoinforme/cuerpoinforme.pdf Graphic file (type pdf)
<use cuerpoinforme/cuerpoinforme.pdf, page 74>
Package pdftex.def Info: cuerpoinforme/cuerpoinforme.pdf , page74 used on input
 line 121.
(pdftex.def)             Requested size: 614.58206pt x 795.34204pt.
 [100

 <./cuerpoinforme/cuerpoinforme.pdf>]
<cuerpoinforme/cuerpoinforme.pdf, id=873, page=75, 614.29298pt x 794.96797pt>
File: cuerpoinforme/cuerpoinforme.pdf Graphic file (type pdf)
<use cuerpoinforme/cuerpoinforme.pdf, page 75>
Package pdftex.def Info: cuerpoinforme/cuerpoinforme.pdf , page75 used on input
 line 121.
(pdftex.def)             Requested size: 614.58206pt x 795.34204pt.
File: cuerpoinforme/cuerpoinforme.pdf Graphic file (type pdf)
<use cuerpoinforme/cuerpoinforme.pdf, page 75>
Package pdftex.def Info: cuerpoinforme/cuerpoinforme.pdf , page75 used on input
 line 121.
(pdftex.def)             Requested size: 614.58206pt x 795.34204pt.
File: cuerpoinforme/cuerpoinforme.pdf Graphic file (type pdf)
<use cuerpoinforme/cuerpoinforme.pdf, page 75>
Package pdftex.def Info: cuerpoinforme/cuerpoinforme.pdf , page75 used on input
 line 121.
(pdftex.def)             Requested size: 614.58206pt x 795.34204pt.
 [101

 <./cuerpoinforme/cuerpoinforme.pdf>]
<cuerpoinforme/cuerpoinforme.pdf, id=879, page=76, 614.29298pt x 794.96797pt>
File: cuerpoinforme/cuerpoinforme.pdf Graphic file (type pdf)
<use cuerpoinforme/cuerpoinforme.pdf, page 76>
Package pdftex.def Info: cuerpoinforme/cuerpoinforme.pdf , page76 used on input
 line 121.
(pdftex.def)             Requested size: 614.58206pt x 795.34204pt.
File: cuerpoinforme/cuerpoinforme.pdf Graphic file (type pdf)
<use cuerpoinforme/cuerpoinforme.pdf, page 76>
Package pdftex.def Info: cuerpoinforme/cuerpoinforme.pdf , page76 used on input
 line 121.
(pdftex.def)             Requested size: 614.58206pt x 795.34204pt.
File: cuerpoinforme/cuerpoinforme.pdf Graphic file (type pdf)
<use cuerpoinforme/cuerpoinforme.pdf, page 76>
Package pdftex.def Info: cuerpoinforme/cuerpoinforme.pdf , page76 used on input
 line 121.
(pdftex.def)             Requested size: 614.58206pt x 795.34204pt.
 [102

 <./cuerpoinforme/cuerpoinforme.pdf>]
<cuerpoinforme/cuerpoinforme.pdf, id=885, page=77, 614.29298pt x 794.96797pt>
File: cuerpoinforme/cuerpoinforme.pdf Graphic file (type pdf)
<use cuerpoinforme/cuerpoinforme.pdf, page 77>
Package pdftex.def Info: cuerpoinforme/cuerpoinforme.pdf , page77 used on input
 line 121.
(pdftex.def)             Requested size: 614.58206pt x 795.34204pt.
File: cuerpoinforme/cuerpoinforme.pdf Graphic file (type pdf)
<use cuerpoinforme/cuerpoinforme.pdf, page 77>
Package pdftex.def Info: cuerpoinforme/cuerpoinforme.pdf , page77 used on input
 line 121.
(pdftex.def)             Requested size: 614.58206pt x 795.34204pt.
File: cuerpoinforme/cuerpoinforme.pdf Graphic file (type pdf)
<use cuerpoinforme/cuerpoinforme.pdf, page 77>
Package pdftex.def Info: cuerpoinforme/cuerpoinforme.pdf , page77 used on input
 line 121.
(pdftex.def)             Requested size: 614.58206pt x 795.34204pt.
 [103

 <./cuerpoinforme/cuerpoinforme.pdf>]
<cuerpoinforme/cuerpoinforme.pdf, id=892, page=78, 614.29298pt x 794.96797pt>
File: cuerpoinforme/cuerpoinforme.pdf Graphic file (type pdf)
<use cuerpoinforme/cuerpoinforme.pdf, page 78>
Package pdftex.def Info: cuerpoinforme/cuerpoinforme.pdf , page78 used on input
 line 121.
(pdftex.def)             Requested size: 614.58206pt x 795.34204pt.
File: cuerpoinforme/cuerpoinforme.pdf Graphic file (type pdf)
<use cuerpoinforme/cuerpoinforme.pdf, page 78>
Package pdftex.def Info: cuerpoinforme/cuerpoinforme.pdf , page78 used on input
 line 121.
(pdftex.def)             Requested size: 614.58206pt x 795.34204pt.
File: cuerpoinforme/cuerpoinforme.pdf Graphic file (type pdf)
<use cuerpoinforme/cuerpoinforme.pdf, page 78>
Package pdftex.def Info: cuerpoinforme/cuerpoinforme.pdf , page78 used on input
 line 121.
(pdftex.def)             Requested size: 614.58206pt x 795.34204pt.
 [104

 <./cuerpoinforme/cuerpoinforme.pdf>]
<cuerpoinforme/cuerpoinforme.pdf, id=898, page=79, 614.29298pt x 794.96797pt>
File: cuerpoinforme/cuerpoinforme.pdf Graphic file (type pdf)
<use cuerpoinforme/cuerpoinforme.pdf, page 79>
Package pdftex.def Info: cuerpoinforme/cuerpoinforme.pdf , page79 used on input
 line 121.
(pdftex.def)             Requested size: 614.58206pt x 795.34204pt.
File: cuerpoinforme/cuerpoinforme.pdf Graphic file (type pdf)
<use cuerpoinforme/cuerpoinforme.pdf, page 79>
Package pdftex.def Info: cuerpoinforme/cuerpoinforme.pdf , page79 used on input
 line 121.
(pdftex.def)             Requested size: 614.58206pt x 795.34204pt.
File: cuerpoinforme/cuerpoinforme.pdf Graphic file (type pdf)
<use cuerpoinforme/cuerpoinforme.pdf, page 79>
Package pdftex.def Info: cuerpoinforme/cuerpoinforme.pdf , page79 used on input
 line 121.
(pdftex.def)             Requested size: 614.58206pt x 795.34204pt.
 [105

 <./cuerpoinforme/cuerpoinforme.pdf>]
<cuerpoinforme/cuerpoinforme.pdf, id=904, page=80, 614.29298pt x 794.96797pt>
File: cuerpoinforme/cuerpoinforme.pdf Graphic file (type pdf)
<use cuerpoinforme/cuerpoinforme.pdf, page 80>
Package pdftex.def Info: cuerpoinforme/cuerpoinforme.pdf , page80 used on input
 line 121.
(pdftex.def)             Requested size: 614.58206pt x 795.34204pt.
File: cuerpoinforme/cuerpoinforme.pdf Graphic file (type pdf)
<use cuerpoinforme/cuerpoinforme.pdf, page 80>
Package pdftex.def Info: cuerpoinforme/cuerpoinforme.pdf , page80 used on input
 line 121.
(pdftex.def)             Requested size: 614.58206pt x 795.34204pt.
File: cuerpoinforme/cuerpoinforme.pdf Graphic file (type pdf)
<use cuerpoinforme/cuerpoinforme.pdf, page 80>
Package pdftex.def Info: cuerpoinforme/cuerpoinforme.pdf , page80 used on input
 line 121.
(pdftex.def)             Requested size: 614.58206pt x 795.34204pt.
 [106

 <./cuerpoinforme/cuerpoinforme.pdf>]
<cuerpoinforme/cuerpoinforme.pdf, id=910, page=81, 614.29298pt x 794.96797pt>
File: cuerpoinforme/cuerpoinforme.pdf Graphic file (type pdf)
<use cuerpoinforme/cuerpoinforme.pdf, page 81>
Package pdftex.def Info: cuerpoinforme/cuerpoinforme.pdf , page81 used on input
 line 121.
(pdftex.def)             Requested size: 614.58206pt x 795.34204pt.
File: cuerpoinforme/cuerpoinforme.pdf Graphic file (type pdf)
<use cuerpoinforme/cuerpoinforme.pdf, page 81>
Package pdftex.def Info: cuerpoinforme/cuerpoinforme.pdf , page81 used on input
 line 121.
(pdftex.def)             Requested size: 614.58206pt x 795.34204pt.
File: cuerpoinforme/cuerpoinforme.pdf Graphic file (type pdf)
<use cuerpoinforme/cuerpoinforme.pdf, page 81>
Package pdftex.def Info: cuerpoinforme/cuerpoinforme.pdf , page81 used on input
 line 121.
(pdftex.def)             Requested size: 614.58206pt x 795.34204pt.
 [107

 <./cuerpoinforme/cuerpoinforme.pdf>]
<cuerpoinforme/cuerpoinforme.pdf, id=916, page=82, 614.29298pt x 794.96797pt>
File: cuerpoinforme/cuerpoinforme.pdf Graphic file (type pdf)
<use cuerpoinforme/cuerpoinforme.pdf, page 82>
Package pdftex.def Info: cuerpoinforme/cuerpoinforme.pdf , page82 used on input
 line 121.
(pdftex.def)             Requested size: 614.58206pt x 795.34204pt.
File: cuerpoinforme/cuerpoinforme.pdf Graphic file (type pdf)
<use cuerpoinforme/cuerpoinforme.pdf, page 82>
Package pdftex.def Info: cuerpoinforme/cuerpoinforme.pdf , page82 used on input
 line 121.
(pdftex.def)             Requested size: 614.58206pt x 795.34204pt.
File: cuerpoinforme/cuerpoinforme.pdf Graphic file (type pdf)
<use cuerpoinforme/cuerpoinforme.pdf, page 82>
Package pdftex.def Info: cuerpoinforme/cuerpoinforme.pdf , page82 used on input
 line 121.
(pdftex.def)             Requested size: 614.58206pt x 795.34204pt.
 [108

 <./cuerpoinforme/cuerpoinforme.pdf>]
<cuerpoinforme/cuerpoinforme.pdf, id=929, page=83, 614.29298pt x 794.96797pt>
File: cuerpoinforme/cuerpoinforme.pdf Graphic file (type pdf)
<use cuerpoinforme/cuerpoinforme.pdf, page 83>
Package pdftex.def Info: cuerpoinforme/cuerpoinforme.pdf , page83 used on input
 line 121.
(pdftex.def)             Requested size: 614.58206pt x 795.34204pt.
File: cuerpoinforme/cuerpoinforme.pdf Graphic file (type pdf)
<use cuerpoinforme/cuerpoinforme.pdf, page 83>
Package pdftex.def Info: cuerpoinforme/cuerpoinforme.pdf , page83 used on input
 line 121.
(pdftex.def)             Requested size: 614.58206pt x 795.34204pt.
File: cuerpoinforme/cuerpoinforme.pdf Graphic file (type pdf)
<use cuerpoinforme/cuerpoinforme.pdf, page 83>
Package pdftex.def Info: cuerpoinforme/cuerpoinforme.pdf , page83 used on input
 line 121.
(pdftex.def)             Requested size: 614.58206pt x 795.34204pt.
 [109

 <./cuerpoinforme/cuerpoinforme.pdf>]
<cuerpoinforme/cuerpoinforme.pdf, id=936, page=84, 614.29298pt x 794.96797pt>
File: cuerpoinforme/cuerpoinforme.pdf Graphic file (type pdf)
<use cuerpoinforme/cuerpoinforme.pdf, page 84>
Package pdftex.def Info: cuerpoinforme/cuerpoinforme.pdf , page84 used on input
 line 121.
(pdftex.def)             Requested size: 614.58206pt x 795.34204pt.
File: cuerpoinforme/cuerpoinforme.pdf Graphic file (type pdf)
<use cuerpoinforme/cuerpoinforme.pdf, page 84>
Package pdftex.def Info: cuerpoinforme/cuerpoinforme.pdf , page84 used on input
 line 121.
(pdftex.def)             Requested size: 614.58206pt x 795.34204pt.
File: cuerpoinforme/cuerpoinforme.pdf Graphic file (type pdf)
<use cuerpoinforme/cuerpoinforme.pdf, page 84>
Package pdftex.def Info: cuerpoinforme/cuerpoinforme.pdf , page84 used on input
 line 121.
(pdftex.def)             Requested size: 614.58206pt x 795.34204pt.
 [110

 <./cuerpoinforme/cuerpoinforme.pdf>]
<cuerpoinforme/cuerpoinforme.pdf, id=942, page=85, 614.29298pt x 794.96797pt>
File: cuerpoinforme/cuerpoinforme.pdf Graphic file (type pdf)
<use cuerpoinforme/cuerpoinforme.pdf, page 85>
Package pdftex.def Info: cuerpoinforme/cuerpoinforme.pdf , page85 used on input
 line 121.
(pdftex.def)             Requested size: 614.58206pt x 795.34204pt.
File: cuerpoinforme/cuerpoinforme.pdf Graphic file (type pdf)
<use cuerpoinforme/cuerpoinforme.pdf, page 85>
Package pdftex.def Info: cuerpoinforme/cuerpoinforme.pdf , page85 used on input
 line 121.
(pdftex.def)             Requested size: 614.58206pt x 795.34204pt.
File: cuerpoinforme/cuerpoinforme.pdf Graphic file (type pdf)
<use cuerpoinforme/cuerpoinforme.pdf, page 85>
Package pdftex.def Info: cuerpoinforme/cuerpoinforme.pdf , page85 used on input
 line 121.
(pdftex.def)             Requested size: 614.58206pt x 795.34204pt.
 [111

 <./cuerpoinforme/cuerpoinforme.pdf>]
<cuerpoinforme/cuerpoinforme.pdf, id=948, page=86, 614.29298pt x 794.96797pt>
File: cuerpoinforme/cuerpoinforme.pdf Graphic file (type pdf)
<use cuerpoinforme/cuerpoinforme.pdf, page 86>
Package pdftex.def Info: cuerpoinforme/cuerpoinforme.pdf , page86 used on input
 line 121.
(pdftex.def)             Requested size: 614.58206pt x 795.34204pt.
File: cuerpoinforme/cuerpoinforme.pdf Graphic file (type pdf)
<use cuerpoinforme/cuerpoinforme.pdf, page 86>
Package pdftex.def Info: cuerpoinforme/cuerpoinforme.pdf , page86 used on input
 line 121.
(pdftex.def)             Requested size: 614.58206pt x 795.34204pt.
File: cuerpoinforme/cuerpoinforme.pdf Graphic file (type pdf)
<use cuerpoinforme/cuerpoinforme.pdf, page 86>
Package pdftex.def Info: cuerpoinforme/cuerpoinforme.pdf , page86 used on input
 line 121.
(pdftex.def)             Requested size: 614.58206pt x 795.34204pt.

[112

 <./cuerpoinforme/cuerpoinforme.pdf>]
<cuerpoinforme/cuerpoinforme.pdf, id=954, page=87, 614.29298pt x 794.96797pt>
File: cuerpoinforme/cuerpoinforme.pdf Graphic file (type pdf)
<use cuerpoinforme/cuerpoinforme.pdf, page 87>
Package pdftex.def Info: cuerpoinforme/cuerpoinforme.pdf , page87 used on input
 line 121.
(pdftex.def)             Requested size: 614.58206pt x 795.34204pt.
File: cuerpoinforme/cuerpoinforme.pdf Graphic file (type pdf)
<use cuerpoinforme/cuerpoinforme.pdf, page 87>
Package pdftex.def Info: cuerpoinforme/cuerpoinforme.pdf , page87 used on input
 line 121.
(pdftex.def)             Requested size: 614.58206pt x 795.34204pt.
File: cuerpoinforme/cuerpoinforme.pdf Graphic file (type pdf)
<use cuerpoinforme/cuerpoinforme.pdf, page 87>
Package pdftex.def Info: cuerpoinforme/cuerpoinforme.pdf , page87 used on input
 line 121.
(pdftex.def)             Requested size: 614.58206pt x 795.34204pt.
 [113

 <./cuerpoinforme/cuerpoinforme.pdf>]
<cuerpoinforme/cuerpoinforme.pdf, id=960, page=88, 614.29298pt x 794.96797pt>
File: cuerpoinforme/cuerpoinforme.pdf Graphic file (type pdf)
<use cuerpoinforme/cuerpoinforme.pdf, page 88>
Package pdftex.def Info: cuerpoinforme/cuerpoinforme.pdf , page88 used on input
 line 121.
(pdftex.def)             Requested size: 614.58206pt x 795.34204pt.
File: cuerpoinforme/cuerpoinforme.pdf Graphic file (type pdf)
<use cuerpoinforme/cuerpoinforme.pdf, page 88>
Package pdftex.def Info: cuerpoinforme/cuerpoinforme.pdf , page88 used on input
 line 121.
(pdftex.def)             Requested size: 614.58206pt x 795.34204pt.
File: cuerpoinforme/cuerpoinforme.pdf Graphic file (type pdf)
<use cuerpoinforme/cuerpoinforme.pdf, page 88>
Package pdftex.def Info: cuerpoinforme/cuerpoinforme.pdf , page88 used on input
 line 121.
(pdftex.def)             Requested size: 614.58206pt x 795.34204pt.
 [114

 <./cuerpoinforme/cuerpoinforme.pdf>]
<cuerpoinforme/cuerpoinforme.pdf, id=966, page=89, 614.29298pt x 794.96797pt>
File: cuerpoinforme/cuerpoinforme.pdf Graphic file (type pdf)
<use cuerpoinforme/cuerpoinforme.pdf, page 89>
Package pdftex.def Info: cuerpoinforme/cuerpoinforme.pdf , page89 used on input
 line 121.
(pdftex.def)             Requested size: 614.58206pt x 795.34204pt.
File: cuerpoinforme/cuerpoinforme.pdf Graphic file (type pdf)
<use cuerpoinforme/cuerpoinforme.pdf, page 89>
Package pdftex.def Info: cuerpoinforme/cuerpoinforme.pdf , page89 used on input
 line 121.
(pdftex.def)             Requested size: 614.58206pt x 795.34204pt.
File: cuerpoinforme/cuerpoinforme.pdf Graphic file (type pdf)
<use cuerpoinforme/cuerpoinforme.pdf, page 89>
Package pdftex.def Info: cuerpoinforme/cuerpoinforme.pdf , page89 used on input
 line 121.
(pdftex.def)             Requested size: 614.58206pt x 795.34204pt.
 [115

 <./cuerpoinforme/cuerpoinforme.pdf>]
<cuerpoinforme/cuerpoinforme.pdf, id=973, page=90, 614.29298pt x 794.96797pt>
File: cuerpoinforme/cuerpoinforme.pdf Graphic file (type pdf)
<use cuerpoinforme/cuerpoinforme.pdf, page 90>
Package pdftex.def Info: cuerpoinforme/cuerpoinforme.pdf , page90 used on input
 line 121.
(pdftex.def)             Requested size: 614.58206pt x 795.34204pt.
File: cuerpoinforme/cuerpoinforme.pdf Graphic file (type pdf)
<use cuerpoinforme/cuerpoinforme.pdf, page 90>
Package pdftex.def Info: cuerpoinforme/cuerpoinforme.pdf , page90 used on input
 line 121.
(pdftex.def)             Requested size: 614.58206pt x 795.34204pt.
File: cuerpoinforme/cuerpoinforme.pdf Graphic file (type pdf)
<use cuerpoinforme/cuerpoinforme.pdf, page 90>
Package pdftex.def Info: cuerpoinforme/cuerpoinforme.pdf , page90 used on input
 line 121.
(pdftex.def)             Requested size: 614.58206pt x 795.34204pt.
 [116

 <./cuerpoinforme/cuerpoinforme.pdf>]
<cuerpoinforme/cuerpoinforme.pdf, id=979, page=91, 614.29298pt x 794.96797pt>
File: cuerpoinforme/cuerpoinforme.pdf Graphic file (type pdf)
<use cuerpoinforme/cuerpoinforme.pdf, page 91>
Package pdftex.def Info: cuerpoinforme/cuerpoinforme.pdf , page91 used on input
 line 121.
(pdftex.def)             Requested size: 614.58206pt x 795.34204pt.
File: cuerpoinforme/cuerpoinforme.pdf Graphic file (type pdf)
<use cuerpoinforme/cuerpoinforme.pdf, page 91>
Package pdftex.def Info: cuerpoinforme/cuerpoinforme.pdf , page91 used on input
 line 121.
(pdftex.def)             Requested size: 614.58206pt x 795.34204pt.
File: cuerpoinforme/cuerpoinforme.pdf Graphic file (type pdf)
<use cuerpoinforme/cuerpoinforme.pdf, page 91>
Package pdftex.def Info: cuerpoinforme/cuerpoinforme.pdf , page91 used on input
 line 121.
(pdftex.def)             Requested size: 614.58206pt x 795.34204pt.
 [117

 <./cuerpoinforme/cuerpoinforme.pdf>]
<cuerpoinforme/cuerpoinforme.pdf, id=985, page=92, 614.29298pt x 794.96797pt>
File: cuerpoinforme/cuerpoinforme.pdf Graphic file (type pdf)
<use cuerpoinforme/cuerpoinforme.pdf, page 92>
Package pdftex.def Info: cuerpoinforme/cuerpoinforme.pdf , page92 used on input
 line 121.
(pdftex.def)             Requested size: 614.58206pt x 795.34204pt.
File: cuerpoinforme/cuerpoinforme.pdf Graphic file (type pdf)
<use cuerpoinforme/cuerpoinforme.pdf, page 92>
Package pdftex.def Info: cuerpoinforme/cuerpoinforme.pdf , page92 used on input
 line 121.
(pdftex.def)             Requested size: 614.58206pt x 795.34204pt.
File: cuerpoinforme/cuerpoinforme.pdf Graphic file (type pdf)
<use cuerpoinforme/cuerpoinforme.pdf, page 92>
Package pdftex.def Info: cuerpoinforme/cuerpoinforme.pdf , page92 used on input
 line 121.
(pdftex.def)             Requested size: 614.58206pt x 795.34204pt.
 [118

 <./cuerpoinforme/cuerpoinforme.pdf>]
<cuerpoinforme/cuerpoinforme.pdf, id=991, page=93, 614.29298pt x 794.96797pt>
File: cuerpoinforme/cuerpoinforme.pdf Graphic file (type pdf)
<use cuerpoinforme/cuerpoinforme.pdf, page 93>
Package pdftex.def Info: cuerpoinforme/cuerpoinforme.pdf , page93 used on input
 line 121.
(pdftex.def)             Requested size: 614.58206pt x 795.34204pt.
File: cuerpoinforme/cuerpoinforme.pdf Graphic file (type pdf)
<use cuerpoinforme/cuerpoinforme.pdf, page 93>
Package pdftex.def Info: cuerpoinforme/cuerpoinforme.pdf , page93 used on input
 line 121.
(pdftex.def)             Requested size: 614.58206pt x 795.34204pt.
File: cuerpoinforme/cuerpoinforme.pdf Graphic file (type pdf)
<use cuerpoinforme/cuerpoinforme.pdf, page 93>
Package pdftex.def Info: cuerpoinforme/cuerpoinforme.pdf , page93 used on input
 line 121.
(pdftex.def)             Requested size: 614.58206pt x 795.34204pt.
 [119

 <./cuerpoinforme/cuerpoinforme.pdf>]
<cuerpoinforme/cuerpoinforme.pdf, id=997, page=94, 614.29298pt x 794.96797pt>
File: cuerpoinforme/cuerpoinforme.pdf Graphic file (type pdf)
<use cuerpoinforme/cuerpoinforme.pdf, page 94>
Package pdftex.def Info: cuerpoinforme/cuerpoinforme.pdf , page94 used on input
 line 121.
(pdftex.def)             Requested size: 614.58206pt x 795.34204pt.
File: cuerpoinforme/cuerpoinforme.pdf Graphic file (type pdf)
<use cuerpoinforme/cuerpoinforme.pdf, page 94>
Package pdftex.def Info: cuerpoinforme/cuerpoinforme.pdf , page94 used on input
 line 121.
(pdftex.def)             Requested size: 614.58206pt x 795.34204pt.
File: cuerpoinforme/cuerpoinforme.pdf Graphic file (type pdf)
<use cuerpoinforme/cuerpoinforme.pdf, page 94>
Package pdftex.def Info: cuerpoinforme/cuerpoinforme.pdf , page94 used on input
 line 121.
(pdftex.def)             Requested size: 614.58206pt x 795.34204pt.
 [120

 <./cuerpoinforme/cuerpoinforme.pdf>]
<cuerpoinforme/cuerpoinforme.pdf, id=1003, page=95, 614.29298pt x 794.96797pt>
File: cuerpoinforme/cuerpoinforme.pdf Graphic file (type pdf)
<use cuerpoinforme/cuerpoinforme.pdf, page 95>
Package pdftex.def Info: cuerpoinforme/cuerpoinforme.pdf , page95 used on input
 line 121.
(pdftex.def)             Requested size: 614.58206pt x 795.34204pt.
File: cuerpoinforme/cuerpoinforme.pdf Graphic file (type pdf)
<use cuerpoinforme/cuerpoinforme.pdf, page 95>
Package pdftex.def Info: cuerpoinforme/cuerpoinforme.pdf , page95 used on input
 line 121.
(pdftex.def)             Requested size: 614.58206pt x 795.34204pt.
File: cuerpoinforme/cuerpoinforme.pdf Graphic file (type pdf)
<use cuerpoinforme/cuerpoinforme.pdf, page 95>
Package pdftex.def Info: cuerpoinforme/cuerpoinforme.pdf , page95 used on input
 line 121.
(pdftex.def)             Requested size: 614.58206pt x 795.34204pt.
 [121

 <./cuerpoinforme/cuerpoinforme.pdf>]
<cuerpoinforme/cuerpoinforme.pdf, id=1010, page=96, 614.29298pt x 794.96797pt>
File: cuerpoinforme/cuerpoinforme.pdf Graphic file (type pdf)
<use cuerpoinforme/cuerpoinforme.pdf, page 96>
Package pdftex.def Info: cuerpoinforme/cuerpoinforme.pdf , page96 used on input
 line 121.
(pdftex.def)             Requested size: 614.58206pt x 795.34204pt.
File: cuerpoinforme/cuerpoinforme.pdf Graphic file (type pdf)
<use cuerpoinforme/cuerpoinforme.pdf, page 96>
Package pdftex.def Info: cuerpoinforme/cuerpoinforme.pdf , page96 used on input
 line 121.
(pdftex.def)             Requested size: 614.58206pt x 795.34204pt.
File: cuerpoinforme/cuerpoinforme.pdf Graphic file (type pdf)
<use cuerpoinforme/cuerpoinforme.pdf, page 96>
Package pdftex.def Info: cuerpoinforme/cuerpoinforme.pdf , page96 used on input
 line 121.
(pdftex.def)             Requested size: 614.58206pt x 795.34204pt.
 [122

 <./cuerpoinforme/cuerpoinforme.pdf>]
<cuerpoinforme/cuerpoinforme.pdf, id=1016, page=97, 614.29298pt x 794.96797pt>
File: cuerpoinforme/cuerpoinforme.pdf Graphic file (type pdf)
<use cuerpoinforme/cuerpoinforme.pdf, page 97>
Package pdftex.def Info: cuerpoinforme/cuerpoinforme.pdf , page97 used on input
 line 121.
(pdftex.def)             Requested size: 614.58206pt x 795.34204pt.
File: cuerpoinforme/cuerpoinforme.pdf Graphic file (type pdf)
<use cuerpoinforme/cuerpoinforme.pdf, page 97>
Package pdftex.def Info: cuerpoinforme/cuerpoinforme.pdf , page97 used on input
 line 121.
(pdftex.def)             Requested size: 614.58206pt x 795.34204pt.
File: cuerpoinforme/cuerpoinforme.pdf Graphic file (type pdf)
<use cuerpoinforme/cuerpoinforme.pdf, page 97>
Package pdftex.def Info: cuerpoinforme/cuerpoinforme.pdf , page97 used on input
 line 121.
(pdftex.def)             Requested size: 614.58206pt x 795.34204pt.
 [123

 <./cuerpoinforme/cuerpoinforme.pdf>]
<cuerpoinforme/cuerpoinforme.pdf, id=1023, page=98, 614.29298pt x 794.96797pt>
File: cuerpoinforme/cuerpoinforme.pdf Graphic file (type pdf)
<use cuerpoinforme/cuerpoinforme.pdf, page 98>
Package pdftex.def Info: cuerpoinforme/cuerpoinforme.pdf , page98 used on input
 line 121.
(pdftex.def)             Requested size: 614.58206pt x 795.34204pt.
File: cuerpoinforme/cuerpoinforme.pdf Graphic file (type pdf)
<use cuerpoinforme/cuerpoinforme.pdf, page 98>
Package pdftex.def Info: cuerpoinforme/cuerpoinforme.pdf , page98 used on input
 line 121.
(pdftex.def)             Requested size: 614.58206pt x 795.34204pt.
File: cuerpoinforme/cuerpoinforme.pdf Graphic file (type pdf)
<use cuerpoinforme/cuerpoinforme.pdf, page 98>
Package pdftex.def Info: cuerpoinforme/cuerpoinforme.pdf , page98 used on input
 line 121.
(pdftex.def)             Requested size: 614.58206pt x 795.34204pt.
 [124

 <./cuerpoinforme/cuerpoinforme.pdf>]
<cuerpoinforme/cuerpoinforme.pdf, id=1029, page=99, 614.29298pt x 794.96797pt>
File: cuerpoinforme/cuerpoinforme.pdf Graphic file (type pdf)
<use cuerpoinforme/cuerpoinforme.pdf, page 99>
Package pdftex.def Info: cuerpoinforme/cuerpoinforme.pdf , page99 used on input
 line 121.
(pdftex.def)             Requested size: 614.58206pt x 795.34204pt.
File: cuerpoinforme/cuerpoinforme.pdf Graphic file (type pdf)
<use cuerpoinforme/cuerpoinforme.pdf, page 99>
Package pdftex.def Info: cuerpoinforme/cuerpoinforme.pdf , page99 used on input
 line 121.
(pdftex.def)             Requested size: 614.58206pt x 795.34204pt.
File: cuerpoinforme/cuerpoinforme.pdf Graphic file (type pdf)
<use cuerpoinforme/cuerpoinforme.pdf, page 99>
Package pdftex.def Info: cuerpoinforme/cuerpoinforme.pdf , page99 used on input
 line 121.
(pdftex.def)             Requested size: 614.58206pt x 795.34204pt.

[125

 <./cuerpoinforme/cuerpoinforme.pdf>]
<cuerpoinforme/cuerpoinforme.pdf, id=1035, page=100, 614.29298pt x 794.96797pt>

File: cuerpoinforme/cuerpoinforme.pdf Graphic file (type pdf)
<use cuerpoinforme/cuerpoinforme.pdf, page 100>
Package pdftex.def Info: cuerpoinforme/cuerpoinforme.pdf , page100 used on inpu
t line 121.
(pdftex.def)             Requested size: 614.58206pt x 795.34204pt.
File: cuerpoinforme/cuerpoinforme.pdf Graphic file (type pdf)
<use cuerpoinforme/cuerpoinforme.pdf, page 100>
Package pdftex.def Info: cuerpoinforme/cuerpoinforme.pdf , page100 used on inpu
t line 121.
(pdftex.def)             Requested size: 614.58206pt x 795.34204pt.
File: cuerpoinforme/cuerpoinforme.pdf Graphic file (type pdf)
<use cuerpoinforme/cuerpoinforme.pdf, page 100>
Package pdftex.def Info: cuerpoinforme/cuerpoinforme.pdf , page100 used on inpu
t line 121.
(pdftex.def)             Requested size: 614.58206pt x 795.34204pt.
 [126

 <./cuerpoinforme/cuerpoinforme.pdf>]
<cuerpoinforme/cuerpoinforme.pdf, id=1041, page=101, 614.29298pt x 794.96797pt>

File: cuerpoinforme/cuerpoinforme.pdf Graphic file (type pdf)
<use cuerpoinforme/cuerpoinforme.pdf, page 101>
Package pdftex.def Info: cuerpoinforme/cuerpoinforme.pdf , page101 used on inpu
t line 121.
(pdftex.def)             Requested size: 614.58206pt x 795.34204pt.
File: cuerpoinforme/cuerpoinforme.pdf Graphic file (type pdf)
<use cuerpoinforme/cuerpoinforme.pdf, page 101>
Package pdftex.def Info: cuerpoinforme/cuerpoinforme.pdf , page101 used on inpu
t line 121.
(pdftex.def)             Requested size: 614.58206pt x 795.34204pt.
File: cuerpoinforme/cuerpoinforme.pdf Graphic file (type pdf)
<use cuerpoinforme/cuerpoinforme.pdf, page 101>
Package pdftex.def Info: cuerpoinforme/cuerpoinforme.pdf , page101 used on inpu
t line 121.
(pdftex.def)             Requested size: 614.58206pt x 795.34204pt.
 [127

 <./cuerpoinforme/cuerpoinforme.pdf>]
<cuerpoinforme/cuerpoinforme.pdf, id=1048, page=102, 614.29298pt x 794.96797pt>

File: cuerpoinforme/cuerpoinforme.pdf Graphic file (type pdf)
<use cuerpoinforme/cuerpoinforme.pdf, page 102>
Package pdftex.def Info: cuerpoinforme/cuerpoinforme.pdf , page102 used on inpu
t line 121.
(pdftex.def)             Requested size: 614.58206pt x 795.34204pt.
File: cuerpoinforme/cuerpoinforme.pdf Graphic file (type pdf)
<use cuerpoinforme/cuerpoinforme.pdf, page 102>
Package pdftex.def Info: cuerpoinforme/cuerpoinforme.pdf , page102 used on inpu
t line 121.
(pdftex.def)             Requested size: 614.58206pt x 795.34204pt.
File: cuerpoinforme/cuerpoinforme.pdf Graphic file (type pdf)
<use cuerpoinforme/cuerpoinforme.pdf, page 102>
Package pdftex.def Info: cuerpoinforme/cuerpoinforme.pdf , page102 used on inpu
t line 121.
(pdftex.def)             Requested size: 614.58206pt x 795.34204pt.
 [128

 <./cuerpoinforme/cuerpoinforme.pdf>]
<cuerpoinforme/cuerpoinforme.pdf, id=1054, page=103, 614.29298pt x 794.96797pt>

File: cuerpoinforme/cuerpoinforme.pdf Graphic file (type pdf)
<use cuerpoinforme/cuerpoinforme.pdf, page 103>
Package pdftex.def Info: cuerpoinforme/cuerpoinforme.pdf , page103 used on inpu
t line 121.
(pdftex.def)             Requested size: 614.58206pt x 795.34204pt.
File: cuerpoinforme/cuerpoinforme.pdf Graphic file (type pdf)
<use cuerpoinforme/cuerpoinforme.pdf, page 103>
Package pdftex.def Info: cuerpoinforme/cuerpoinforme.pdf , page103 used on inpu
t line 121.
(pdftex.def)             Requested size: 614.58206pt x 795.34204pt.
File: cuerpoinforme/cuerpoinforme.pdf Graphic file (type pdf)
<use cuerpoinforme/cuerpoinforme.pdf, page 103>
Package pdftex.def Info: cuerpoinforme/cuerpoinforme.pdf , page103 used on inpu
t line 121.
(pdftex.def)             Requested size: 614.58206pt x 795.34204pt.
 [129

 <./cuerpoinforme/cuerpoinforme.pdf>]
<cuerpoinforme/cuerpoinforme.pdf, id=1060, page=104, 614.29298pt x 794.96797pt>

File: cuerpoinforme/cuerpoinforme.pdf Graphic file (type pdf)
<use cuerpoinforme/cuerpoinforme.pdf, page 104>
Package pdftex.def Info: cuerpoinforme/cuerpoinforme.pdf , page104 used on inpu
t line 121.
(pdftex.def)             Requested size: 614.58206pt x 795.34204pt.
File: cuerpoinforme/cuerpoinforme.pdf Graphic file (type pdf)
<use cuerpoinforme/cuerpoinforme.pdf, page 104>
Package pdftex.def Info: cuerpoinforme/cuerpoinforme.pdf , page104 used on inpu
t line 121.
(pdftex.def)             Requested size: 614.58206pt x 795.34204pt.
File: cuerpoinforme/cuerpoinforme.pdf Graphic file (type pdf)
<use cuerpoinforme/cuerpoinforme.pdf, page 104>
Package pdftex.def Info: cuerpoinforme/cuerpoinforme.pdf , page104 used on inpu
t line 121.
(pdftex.def)             Requested size: 614.58206pt x 795.34204pt.
 [130

 <./cuerpoinforme/cuerpoinforme.pdf>]
<cuerpoinforme/cuerpoinforme.pdf, id=1066, page=105, 614.29298pt x 794.96797pt>

File: cuerpoinforme/cuerpoinforme.pdf Graphic file (type pdf)
<use cuerpoinforme/cuerpoinforme.pdf, page 105>
Package pdftex.def Info: cuerpoinforme/cuerpoinforme.pdf , page105 used on inpu
t line 121.
(pdftex.def)             Requested size: 614.58206pt x 795.34204pt.
File: cuerpoinforme/cuerpoinforme.pdf Graphic file (type pdf)
<use cuerpoinforme/cuerpoinforme.pdf, page 105>
Package pdftex.def Info: cuerpoinforme/cuerpoinforme.pdf , page105 used on inpu
t line 121.
(pdftex.def)             Requested size: 614.58206pt x 795.34204pt.
File: cuerpoinforme/cuerpoinforme.pdf Graphic file (type pdf)
<use cuerpoinforme/cuerpoinforme.pdf, page 105>
Package pdftex.def Info: cuerpoinforme/cuerpoinforme.pdf , page105 used on inpu
t line 121.
(pdftex.def)             Requested size: 614.58206pt x 795.34204pt.
 [131

 <./cuerpoinforme/cuerpoinforme.pdf>]
<cuerpoinforme/cuerpoinforme.pdf, id=1072, page=106, 614.29298pt x 794.96797pt>

File: cuerpoinforme/cuerpoinforme.pdf Graphic file (type pdf)
<use cuerpoinforme/cuerpoinforme.pdf, page 106>
Package pdftex.def Info: cuerpoinforme/cuerpoinforme.pdf , page106 used on inpu
t line 121.
(pdftex.def)             Requested size: 614.58206pt x 795.34204pt.
File: cuerpoinforme/cuerpoinforme.pdf Graphic file (type pdf)
<use cuerpoinforme/cuerpoinforme.pdf, page 106>
Package pdftex.def Info: cuerpoinforme/cuerpoinforme.pdf , page106 used on inpu
t line 121.
(pdftex.def)             Requested size: 614.58206pt x 795.34204pt.
File: cuerpoinforme/cuerpoinforme.pdf Graphic file (type pdf)
<use cuerpoinforme/cuerpoinforme.pdf, page 106>
Package pdftex.def Info: cuerpoinforme/cuerpoinforme.pdf , page106 used on inpu
t line 121.
(pdftex.def)             Requested size: 614.58206pt x 795.34204pt.
 [132

 <./cuerpoinforme/cuerpoinforme.pdf>]
<cuerpoinforme/cuerpoinforme.pdf, id=1078, page=107, 614.29298pt x 794.96797pt>

File: cuerpoinforme/cuerpoinforme.pdf Graphic file (type pdf)
<use cuerpoinforme/cuerpoinforme.pdf, page 107>
Package pdftex.def Info: cuerpoinforme/cuerpoinforme.pdf , page107 used on inpu
t line 121.
(pdftex.def)             Requested size: 614.58206pt x 795.34204pt.
File: cuerpoinforme/cuerpoinforme.pdf Graphic file (type pdf)
<use cuerpoinforme/cuerpoinforme.pdf, page 107>
Package pdftex.def Info: cuerpoinforme/cuerpoinforme.pdf , page107 used on inpu
t line 121.
(pdftex.def)             Requested size: 614.58206pt x 795.34204pt.
File: cuerpoinforme/cuerpoinforme.pdf Graphic file (type pdf)
<use cuerpoinforme/cuerpoinforme.pdf, page 107>
Package pdftex.def Info: cuerpoinforme/cuerpoinforme.pdf , page107 used on inpu
t line 121.
(pdftex.def)             Requested size: 614.58206pt x 795.34204pt.
 [133

 <./cuerpoinforme/cuerpoinforme.pdf>]
<cuerpoinforme/cuerpoinforme.pdf, id=1085, page=108, 614.29298pt x 794.96797pt>

File: cuerpoinforme/cuerpoinforme.pdf Graphic file (type pdf)
<use cuerpoinforme/cuerpoinforme.pdf, page 108>
Package pdftex.def Info: cuerpoinforme/cuerpoinforme.pdf , page108 used on inpu
t line 121.
(pdftex.def)             Requested size: 614.58206pt x 795.34204pt.
File: cuerpoinforme/cuerpoinforme.pdf Graphic file (type pdf)
<use cuerpoinforme/cuerpoinforme.pdf, page 108>
Package pdftex.def Info: cuerpoinforme/cuerpoinforme.pdf , page108 used on inpu
t line 121.
(pdftex.def)             Requested size: 614.58206pt x 795.34204pt.
File: cuerpoinforme/cuerpoinforme.pdf Graphic file (type pdf)
<use cuerpoinforme/cuerpoinforme.pdf, page 108>
Package pdftex.def Info: cuerpoinforme/cuerpoinforme.pdf , page108 used on inpu
t line 121.
(pdftex.def)             Requested size: 614.58206pt x 795.34204pt.
 [134

 <./cuerpoinforme/cuerpoinforme.pdf>]
<cuerpoinforme/cuerpoinforme.pdf, id=1098, page=109, 614.29298pt x 794.96797pt>

File: cuerpoinforme/cuerpoinforme.pdf Graphic file (type pdf)
<use cuerpoinforme/cuerpoinforme.pdf, page 109>
Package pdftex.def Info: cuerpoinforme/cuerpoinforme.pdf , page109 used on inpu
t line 121.
(pdftex.def)             Requested size: 614.58206pt x 795.34204pt.
File: cuerpoinforme/cuerpoinforme.pdf Graphic file (type pdf)
<use cuerpoinforme/cuerpoinforme.pdf, page 109>
Package pdftex.def Info: cuerpoinforme/cuerpoinforme.pdf , page109 used on inpu
t line 121.
(pdftex.def)             Requested size: 614.58206pt x 795.34204pt.
File: cuerpoinforme/cuerpoinforme.pdf Graphic file (type pdf)
<use cuerpoinforme/cuerpoinforme.pdf, page 109>
Package pdftex.def Info: cuerpoinforme/cuerpoinforme.pdf , page109 used on inpu
t line 121.
(pdftex.def)             Requested size: 614.58206pt x 795.34204pt.
 [135

 <./cuerpoinforme/cuerpoinforme.pdf>]
<cuerpoinforme/cuerpoinforme.pdf, id=1104, page=110, 614.29298pt x 794.96797pt>

File: cuerpoinforme/cuerpoinforme.pdf Graphic file (type pdf)
<use cuerpoinforme/cuerpoinforme.pdf, page 110>
Package pdftex.def Info: cuerpoinforme/cuerpoinforme.pdf , page110 used on inpu
t line 121.
(pdftex.def)             Requested size: 614.58206pt x 795.34204pt.
File: cuerpoinforme/cuerpoinforme.pdf Graphic file (type pdf)
<use cuerpoinforme/cuerpoinforme.pdf, page 110>
Package pdftex.def Info: cuerpoinforme/cuerpoinforme.pdf , page110 used on inpu
t line 121.
(pdftex.def)             Requested size: 614.58206pt x 795.34204pt.
File: cuerpoinforme/cuerpoinforme.pdf Graphic file (type pdf)
<use cuerpoinforme/cuerpoinforme.pdf, page 110>
Package pdftex.def Info: cuerpoinforme/cuerpoinforme.pdf , page110 used on inpu
t line 121.
(pdftex.def)             Requested size: 614.58206pt x 795.34204pt.
 [136

 <./cuerpoinforme/cuerpoinforme.pdf>]
<cuerpoinforme/cuerpoinforme.pdf, id=1110, page=111, 614.29298pt x 794.96797pt>

File: cuerpoinforme/cuerpoinforme.pdf Graphic file (type pdf)
<use cuerpoinforme/cuerpoinforme.pdf, page 111>
Package pdftex.def Info: cuerpoinforme/cuerpoinforme.pdf , page111 used on inpu
t line 121.
(pdftex.def)             Requested size: 614.58206pt x 795.34204pt.
File: cuerpoinforme/cuerpoinforme.pdf Graphic file (type pdf)
<use cuerpoinforme/cuerpoinforme.pdf, page 111>
Package pdftex.def Info: cuerpoinforme/cuerpoinforme.pdf , page111 used on inpu
t line 121.
(pdftex.def)             Requested size: 614.58206pt x 795.34204pt.
File: cuerpoinforme/cuerpoinforme.pdf Graphic file (type pdf)
<use cuerpoinforme/cuerpoinforme.pdf, page 111>
Package pdftex.def Info: cuerpoinforme/cuerpoinforme.pdf , page111 used on inpu
t line 121.
(pdftex.def)             Requested size: 614.58206pt x 795.34204pt.
 [137

 <./cuerpoinforme/cuerpoinforme.pdf>]
<cuerpoinforme/cuerpoinforme.pdf, id=1116, page=112, 614.29298pt x 794.96797pt>

File: cuerpoinforme/cuerpoinforme.pdf Graphic file (type pdf)
<use cuerpoinforme/cuerpoinforme.pdf, page 112>
Package pdftex.def Info: cuerpoinforme/cuerpoinforme.pdf , page112 used on inpu
t line 121.
(pdftex.def)             Requested size: 614.58206pt x 795.34204pt.
File: cuerpoinforme/cuerpoinforme.pdf Graphic file (type pdf)
<use cuerpoinforme/cuerpoinforme.pdf, page 112>
Package pdftex.def Info: cuerpoinforme/cuerpoinforme.pdf , page112 used on inpu
t line 121.
(pdftex.def)             Requested size: 614.58206pt x 795.34204pt.
File: cuerpoinforme/cuerpoinforme.pdf Graphic file (type pdf)
<use cuerpoinforme/cuerpoinforme.pdf, page 112>
Package pdftex.def Info: cuerpoinforme/cuerpoinforme.pdf , page112 used on inpu
t line 121.
(pdftex.def)             Requested size: 614.58206pt x 795.34204pt.

[138

 <./cuerpoinforme/cuerpoinforme.pdf>]
<cuerpoinforme/cuerpoinforme.pdf, id=1122, page=113, 614.29298pt x 794.96797pt>

File: cuerpoinforme/cuerpoinforme.pdf Graphic file (type pdf)
<use cuerpoinforme/cuerpoinforme.pdf, page 113>
Package pdftex.def Info: cuerpoinforme/cuerpoinforme.pdf , page113 used on inpu
t line 121.
(pdftex.def)             Requested size: 614.58206pt x 795.34204pt.
File: cuerpoinforme/cuerpoinforme.pdf Graphic file (type pdf)
<use cuerpoinforme/cuerpoinforme.pdf, page 113>
Package pdftex.def Info: cuerpoinforme/cuerpoinforme.pdf , page113 used on inpu
t line 121.
(pdftex.def)             Requested size: 614.58206pt x 795.34204pt.
File: cuerpoinforme/cuerpoinforme.pdf Graphic file (type pdf)
<use cuerpoinforme/cuerpoinforme.pdf, page 113>
Package pdftex.def Info: cuerpoinforme/cuerpoinforme.pdf , page113 used on inpu
t line 121.
(pdftex.def)             Requested size: 614.58206pt x 795.34204pt.
 [139

 <./cuerpoinforme/cuerpoinforme.pdf>] (./INFORME APLICADA.aux
LaTeX Info: Redefining \. on input line 11.
LaTeX Info: Redefining \% on input line 11.
)
 ***********
LaTeX2e <2025-11-01>
L3 programming layer <2020/03/25>
 ***********


LaTeX Warning: There were multiply-defined labels.

Package rerunfilecheck Info: File `"INFORME APLICADA".out' has not changed.
(rerunfilecheck)             Checksum: 01E42A0EDA8581016C38BB1762534828;623.
 ) 
Here is how much of TeX's memory you used:
 17627 strings out of 467577
 288631 string characters out of 5410090
 766607 words of memory out of 5000000
 46119 multiletter control sequences out of 15000+600000
 628747 words of font info for 42 fonts, out of 8000000 for 9000
 1141 hyphenation exceptions out of 8191
 75i,18n,79p,294b,692s stack positions out of 10000i,1000n,20000p,200000b,200000s
<d:/Instalar Programas/textlive/texlive/2025/texmf-dist/fonts/type1/public/ne
wtx/NewTXMI.pfb><d:/Instalar Programas/textlive/texlive/2025/texmf-dist/fonts/t
ype1/public/tex-gyre/qtmr.pfb><d:/Instalar Programas/textlive/texlive/2025/texm
f-dist/fonts/type1/public/newtx/txexs.pfb><d:/Instalar Programas/textlive/texli
ve/2025/texmf-dist/fonts/type1/public/newtx/txmiaX.pfb><d:/Instalar Programas/t
extlive/texlive/2025/texmf-dist/fonts/type1/public/newtx/txsym.pfb><d:/Instalar
 Programas/textlive/texlive/2025/texmf-dist/fonts/type1/public/newtx/txsys.pfb>
<d:/Instalar Programas/textlive/texlive/2025/texmf-dist/fonts/type1/public/newt
x/ztmb.pfb><d:/Instalar Programas/textlive/texlive/2025/texmf-dist/fonts/type1/
public/newtx/ztmr.pfb><d:/Instalar Programas/textlive/texlive/2025/texmf-dist/f
onts/type1/public/newtx/ztmri.pfb>
Output written on "INFORME APLICADA.pdf" (139 pages, 29745636 bytes).
PDF statistics:
 1179 PDF objects out of 1200 (max. 8388607)
 640 compressed objects within 7 object streams
 145 named destinations out of 1000 (max. 500000)
 806 words of extra memory for PDF output out of 10000 (max. 10000000)

